{"stats":{"minecraft:used":{"minecraft:iron_shovel":755,"quark:cobbled_deepslate":335,"minecraft:poppy":1,"minecraft:bone_block":5,"minecraft:oak_sign":1,"minecraft:iron_sword":2,"paraglider:goddess_statue":1,"minecraft:mutton":1,"minecraft:carrot":20,"minecraft:milk_bucket":1,"alexsmobs:mimic_octopus_bucket":1,"minecraft:grass_block":1,"minecraft:furnace":5,"quark:dark_oak_ladder":3,"minecraft:gray_carpet":62,"minecraft:oak_planks":7,"easyhammers:stone_hammer":92,"minecraft:stone_pickaxe":120,"minecraft:wooden_pickaxe":3,"alexsmobs:blobfish_bucket":2,"minecraft:cookie":1,"quark:black_framed_glass_pane":2,"minecraft:golden_apple":10,"cavesandcliffs:cobbled_deepslate":4,"minecraft:blast_furnace":1,"quark:marble":12,"quark:gravisand":3,"waystones:waystone":1,"duneons:limeglass":4,"minecraft:lilac":1,"duneons:hoglinskull":1,"tombstone:grave_key":3,"minecraft:oak_pressure_plate":2,"duneons:venom":182,"quark:iron_plate":1,"minecraft:light_gray_concrete":3,"minecraft:bread":44,"simpleplanes:large_plane":8,"minecraft:diamond_sword":62,"minecraft:pufferfish_bucket":3,"cavesandcliffs:tuff":2,"minecraft:air":2,"minecraft:cobweb":8,"cavesandcliffs:axolotl_bucket":1,"minecraft:experience_bottle":39,"iceandfire:silver_sword":24,"minecraft:rose_bush":1,"minecraft:stone_sword":6,"minecraft:armor_stand":4,"minecraft:spruce_planks":1,"minecraft:torch":175,"duneons:large_jungle_plant":1,"minecraft:dirt":208,"minecraft:anvil":2,"minecraft:dark_oak_planks":135,"minecraft:wooden_axe":28,"minecraft:iron_axe":227,"paraglider:goron_goddess_statue":1,"evilcraft:box_of_eternal_closure":2,"supplementaries:pancake":4,"minecraft:golden_carrot":10,"alexsmobs:lobster_bucket":1,"alexsmobs:banana":4,"tombstone:gift":4,"minecraft:cooked_beef":35,"minecraft:cooked_mutton":19,"minecraft:wheat_seeds":87,"minecraft:water_bucket":18,"minecraft:stripped_dark_oak_log":1,"minecraft:crafting_table":7,"create:weathered_limestone_cobblestone":1,"minecraft:white_bed":3,"minecraft:smoker":3,"minecraft:oak_log":10,"supplementaries:cage":11,"farlanders:nightfall_sword":221,"minecraft:iron_pickaxe":319,"spartanshields:shield_basic_iron":32,"minecraft:stone_axe":118,"easyhammers:iron_hammer":502,"minecraft:cobblestone":243,"quark:slime_in_a_bucket":1,"minecraft:cooked_porkchop":7,"minecraft:bucket":20,"minecraft:pumpkin_pie":1,"quark:oak_chest":3,"alexsmobs:animal_dictionary":4},"minecraft:picked_up":{"minecraft:iron_chestplate":1,"minecraft:wheat":101,"create:dolomite_cobblestone":3,"minecraft:anvil":3,"minecraft:flower_pot":1,"minecraft:lead":8,"minecraft:diamond_sword":1,"minecraft:enchanted_book":3,"minecraft:potion":1,"minecraft:stone_brick_stairs":2,"tombstone:grave_key":1,"minecraft:string":27,"paraglider:goddess_statue":1,"minecraft:dark_oak_pressure_plate":1,"evilcraft:ender_tear":1,"quark:iron_plate":1,"minecraft:iron_leggings":2,"minecraft:armor_stand":5,"create:piston_extension_pole":4,"minecraft:pufferfish":1,"minecraft:experience_bottle":7,"minecraft:oak_sign":1,"create:sticky_mechanical_piston":3,"minecraft:spruce_planks":6,"minecraft:rose_bush":1,"minecraft:redstone_torch":2,"minecraft:written_book":2,"minecraft:iron_pickaxe":1,"quark:root_item":2,"alexsmobs:raccoon_tail":4,"easyhammers:stone_hammer":1,"supplementaries:pancake":4,"minecraft:iron_boots":3,"minecraft:furnace":5,"minecraft:stick":16,"cavesandcliffs:amethyst_block":5,"minecraft:oak_fence":3,"minecraft:torch":11,"quark:iron_rod":1,"minecraft:spruce_stairs":9,"minecraft:porkchop":7,"tombstone:grave_dust":5,"vampirism:vampire_fang":1,"cavesandcliffs:smooth_basalt":9,"minecraft:andesite_wall":1,"evilcraft:box_of_eternal_closure":2,"minecraft:rotten_flesh":23,"cavesandcliffs:raw_gold":35,"minecraft:cyan_terracotta":1,"cavesandcliffs:polished_deepslate_wall":1,"minecraft:iron_bars":5,"quark:marble":24,"minecraft:cobblestone":1116,"alexsmobs:mimic_octopus_bucket":1,"minecraft:leather_chestplate":3,"minecraft:lilac":1,"minecraft:cooked_beef":3,"minecraft:iron_door":2,"minecraft:andesite":1,"minecraft:golden_leggings":1,"easyhammers:iron_hammer":1,"minecraft:smoker":3,"paraglider:spirit_orb":10,"cavesandcliffs:amethyst_shard":12,"minecraft:lapis_lazuli":76,"minecraft:dirt":792,"minecraft:lantern":1,"minecraft:name_tag":2,"quark:crimson_bookshelf":2,"minecraft:bone":5,"cavesandcliffs:raw_gold_block":5,"create:copper_ore":4,"minecraft:wheat_seeds":283,"cavesandcliffs:raw_copper":30,"vampirism:item_garlic":1,"minecraft:dark_oak_sign":1,"duneons:busherstone":3,"create:shaft":22,"minecraft:glowstone_dust":16,"minecraft:bamboo":1,"minecraft:oak_planks":104,"vampirism:ring":1,"minecraft:oak_pressure_plate":2,"quark:dark_oak_ladder":3,"dungeons_mobs:diamond_pillager_helmet":1,"dungeons_mobs:gold_pillager_helmet":1,"minecraft:ink_sac":1,"minecraft:grass_block":3,"minecraft:diamond_block":1,"quark:gravisand":4,"minecraft:barrel":2,"alexsmobs:animal_dictionary":1,"minecraft:mossy_cobblestone":1,"quark:cobbled_deepslate":1830,"minecraft:light_gray_concrete":5,"duneons:hoglinskull":1,"minecraft:diamond":64,"waystones:waystone":1,"cavesandcliffs:tuff":82,"simpleplanes:large_plane":8,"minecraft:emerald":6,"minecraft:golden_apple":2,"minecraft:spruce_button":1,"alexsmobs:moose_ribs":2,"minecraft:bread":2,"minecraft:oak_sapling":36,"minecraft:crafting_table":7,"minecraft:clay_ball":12,"duneons:swamplog":12,"minecraft:golden_pickaxe":1,"minecraft:leather_leggings":3,"minecraft:stone_brick_wall":1,"minecraft:gold_block":1,"cavesandcliffs:raw_iron":192,"minecraft:chain":3,"prefab:item_start_house":2,"artifacts:feral_claws":1,"farlanders:ender_horn":5,"minecraft:item_frame":3,"create:redstone_link":3,"minecraft:cartography_table":2,"minecraft:beef":36,"minecraft:poppy":1,"minecraft:light_gray_wool":2,"minecraft:spruce_slab":1,"supplementaries:cage":3,"spartanshields:shield_basic_iron":1,"minecraft:spruce_fence":2,"minecraft:fire_charge":2,"minecraft:cookie":5,"create:hand_crank":3,"create:powdered_obsidian":2,"minecraft:carrot":15,"minecraft:redstone":343,"quark:black_framed_glass_pane":5,"create:vertical_gearbox":7,"minecraft:dark_oak_planks":106,"minecraft:arrow":9,"quark:smooth_basalt":39,"prefab:item_moderate_house":1,"minecraft:diamond_boots":3,"minecraft:saddle":1,"minecraft:gold_ingot":16,"minecraft:mutton":23,"minecraft:white_wool":11,"minecraft:bone_block":24,"vampirism:vampire_blood_bottle":1,"minecraft:salmon":1,"biomesoplenty:goldenrod":4,"minecraft:leather":34,"minecraft:music_disc_stal":1,"create:weathered_limestone_cobblestone":1,"minecraft:oak_log":161,"minecraft:cobblestone_wall":1,"minecraft:gunpowder":5,"minecraft:cooked_mutton":2,"vampirism:human_heart":1,"minecraft:gray_carpet":94,"minecraft:apple":1,"minecraft:stone_bricks":9,"minecraft:stone_pickaxe":2,"minecraft:iron_ingot":78,"minecraft:pufferfish_bucket":2,"quark:tallow":7,"minecraft:iron_ore":31,"duneons:swampfern":2,"farlanders:endumium_crystal":3,"minecraft:iron_sword":1,"minecraft:dark_oak_stairs":1,"minecraft:book":82,"quark:light_gray_shard":12,"cavesandcliffs:calcite":12,"cavesandcliffs:cobbled_deepslate":814,"minecraft:stone_brick_slab":3,"minecraft:quartz":1,"quark:glass_item_frame":5,"minecraft:dandelion":1,"minecraft:gravel":1,"cavesandcliffs:red_candle":2,"minecraft:blast_furnace":4,"minecraft:white_bed":3,"minecraft:spruce_log":4,"quark:oak_chest":3,"minecraft:dark_oak_fence_gate":1,"minecraft:spider_eye":1,"create:gearbox":10,"minecraft:leather_helmet":3,"minecraft:oak_wood":1,"minecraft:slime_ball":1,"minecraft:stone_axe":1,"evilcraft:dark_gem":18,"duneons:venom":3,"create:rose_quartz":1,"minecraft:gray_wool":2,"minecraft:stripped_dark_oak_log":1,"minecraft:coal":540},"minecraft:mined":{"minecraft:dark_oak_planks":99,"quark:dark_oak_bookshelf":12,"minecraft:spruce_planks":6,"minecraft:white_bed":3,"duneons:swampfern":2,"minecraft:stone_brick_wall":2,"minecraft:grass_block":359,"duneons:bamboobiggrass":1,"minecraft:oak_pressure_plate":2,"minecraft:oak_wall_sign":1,"minecraft:spawner":8,"minecraft:glowstone":6,"minecraft:iron_ore":43,"minecraft:fire":9,"cavesandcliffs:deepslate_copper_ore":2,"minecraft:anvil":3,"cavesandcliffs:smooth_basalt":1,"minecraft:iron_bars":13,"minecraft:light_gray_concrete":5,"cavesandcliffs:deepslate_iron_ore":14,"supplementaries:book_pile":2,"minecraft:smoker":3,"minecraft:clay":3,"minecraft:torch":2,"minecraft:blast_furnace":4,"duneons:bamboograss":3,"minecraft:cobblestone":17,"minecraft:oak_planks":4,"minecraft:iron_door":2,"minecraft:wall_torch":1,"biomesoplenty:goldenrod":2,"quark:black_framed_glass_pane":5,"create:sticky_mechanical_piston":3,"cavesandcliffs:amethyst_block":5,"minecraft:light_gray_stained_glass":4,"quark:marble":7,"minecraft:wheat":106,"minecraft:lilac":1,"cavesandcliffs:deepslate_diamond_ore":12,"cavesandcliffs:tuff":6,"quark:gravisand":5,"minecraft:stone_brick_stairs":4,"create:weathered_limestone":1,"minecraft:grass":51,"biomesoplenty:clover":1,"minecraft:oak_log":117,"cavesandcliffs:deepslate_redstone_ore":5,"create:hand_crank":1,"minecraft:dirt":435,"cavesandcliffs:deepslate":78,"minecraft:oak_leaves":715,"farlanders:endumium_ore":3,"minecraft:diamond_ore":5,"iceandfire:silver_ore":2,"minecraft:mossy_cobblestone":1,"cavesandcliffs:deepslate_gold_ore":4,"farmersdelight:wild_carrots":5,"quark:cobbled_deepslate":45,"minecraft:dark_oak_pressure_plate":2,"minecraft:spruce_fence":2,"minecraft:redstone_wire":1,"minecraft:potted_bamboo":1,"minecraft:redstone_ore":4,"create:shaft":22,"minecraft:furnace":5,"evilcraft:box_of_eternal_closure":2,"minecraft:andesite":1,"minecraft:diamond_block":1,"treechop:chopped_log":58,"quark:smooth_basalt":3,"minecraft:gold_block":1,"minecraft:bookshelf":8,"duneons:swamplog":12,"cavesandcliffs:calcite":1,"minecraft:stone":285,"cavesandcliffs:amethyst_cluster":3,"supplementaries:book_pile_horizontal":3,"quark:oak_chest":1,"minecraft:stripped_dark_oak_log":1,"minecraft:stone_brick_slab":3,"minecraft:dandelion":1,"minecraft:oak_fence":3,"minecraft:crafting_table":7,"cavesandcliffs:raw_gold_block":4,"minecraft:oak_wood":1,"minecraft:rose_bush":1,"minecraft:andesite_wall":1,"minecraft:tall_grass":14,"minecraft:lapis_ore":3,"supplementaries:cage":1,"create:redstone_link":1,"minecraft:spruce_stairs":5,"minecraft:gray_wool":1,"cavesandcliffs:deepslate_coal_ore":63,"minecraft:cobblestone_wall":1,"create:gearbox":17,"minecraft:redstone_torch":3,"minecraft:grass_path":3,"quark:deepslate":198,"minecraft:coal_ore":51,"evilcraft:blood_stain":2,"minecraft:gravel":1,"minecraft:gray_carpet":113,"minecraft:cobweb":10,"supplementaries:pancake":1,"minecraft:stone_bricks":4,"minecraft:gold_ore":4,"minecraft:fern":1,"paraglider:goddess_statue":1,"quark:root":2},"minecraft:dropped":{"minecraft:soul_sand":3,"minecraft:dark_oak_stairs":1,"minecraft:cooked_beef":1,"minecraft:oak_log":42,"minecraft:golden_pickaxe":1,"minecraft:diamond":12,"minecraft:crafting_table":1,"minecraft:dark_oak_sapling":4,"quark:marble":12,"minecraft:cookie":4,"minecraft:lantern":1,"minecraft:leather":20,"minecraft:honeycomb":8,"minecraft:saddle":1,"minecraft:leather_helmet":4,"minecraft:item_frame":3,"minecraft:cyan_terracotta":1,"minecraft:dirt":561,"quark:dirty_shard":5,"prefab:item_start_house":4,"paraglider:paraglider":1,"minecraft:dark_oak_planks":7,"alexsmobs:raccoon_tail":1,"minecraft:armor_stand":1,"minecraft:bone":7,"quark:tallow":4,"minecraft:stone_axe":1,"minecraft:iron_nugget":16,"alexsmobs:animal_dictionary":1,"minecraft:wheat":10,"minecraft:rotten_flesh":4,"minecraft:dark_oak_fence_gate":1,"minecraft:carrot":1,"duneons:venom":2,"easyhammers:iron_hammer":2,"quark:gravisand":1,"minecraft:leather_chestplate":4,"supplementaries:flax_seeds":5,"vampirism:vampire_blood_bottle":1,"create:dolomite_cobblestone":2,"minecraft:stone_brick_wall":1,"minecraft:leather_boots":1,"alexsmobs:moose_ribs":2,"minecraft:leather_leggings":4,"farmersdelight:onion_crate":1,"minecraft:spruce_slab":1,"minecraft:iron_bars":7,"minecraft:arrow":2,"alexsmobs:banana":1,"minecraft:stone_brick_stairs":2,"minecraft:written_book":3,"minecraft:cartography_table":2,"duneons:latticebamboobrick":2,"minecraft:enchanted_book":1,"minecraft:iron_ingot":1,"create:rose_quartz":3,"minecraft:wheat_seeds":9,"create:copper_ore":3,"minecraft:mossy_cobblestone":1,"easyhammers:stone_hammer":1,"minecraft:cobblestone":24,"minecraft:feather":4,"minecraft:andesite_wall":1,"minecraft:dark_oak_pressure_plate":1,"minecraft:spruce_button":1,"minecraft:spruce_stairs":9,"minecraft:golden_apple":2,"minecraft:pufferfish":1,"minecraft:dried_kelp_block":3,"minecraft:gray_wool":1,"mca:book_romance":1,"biomesoplenty:goldenrod":1,"minecraft:torch":1,"tombstone:grave_key":1,"minecraft:iron_door":2,"tombstone:grave_dust":5,"minecraft:potion":4,"duneons:telescope":1,"minecraft:dead_bush":1,"minecraft:iron_axe":1,"minecraft:iron_shovel":1,"minecraft:string":13,"minecraft:gray_carpet":32,"cavesandcliffs:tuff":1,"minecraft:stone_brick_slab":3,"duneons:swampfern":2,"quark:seed_pouch":1,"alexsmobs:banana_peel":8,"quark:black_framed_glass_pane":2,"minecraft:nether_wart":3,"minecraft:dark_oak_sign":1,"minecraft:cobblestone_wall":1,"spartanshields:shield_basic_iron":2,"minecraft:experience_bottle":12,"cavesandcliffs:polished_deepslate_wall":1,"evilcraft:box_of_eternal_closure":1,"minecraft:clay_ball":7,"sophisticatedbackpacks:backpack":1,"minecraft:name_tag":1,"minecraft:light_gray_concrete":2,"alexsmobs:bear_fur":3,"duneons:diamondpickaxedungeon":1,"quark:smooth_basalt":12,"minecraft:potato":3,"minecraft:shield":1,"cavesandcliffs:raw_gold":2,"minecraft:spruce_planks":5,"minecraft:oak_sapling":5,"minecraft:spider_eye":1,"minecraft:redstone_torch":2,"minecraft:barrel":2,"minecraft:stone_bricks":8,"minecraft:diamond_boots":1,"minecraft:spruce_log":4,"create:crushed_zinc_ore":6,"minecraft:stone_pickaxe":3,"duneons:stormhammer":1},"minecraft:broken":{"minecraft:iron_shovel":2,"duneons:renegade_armor_helmet":1,"minecraft:stone_axe":1,"duneons:renegade_armor_chestplate":1,"farlanders:nightfall_sword":1,"minecraft:iron_pickaxe":1},"minecraft:crafted":{"minecraft:oak_planks":172,"spartanshields:shield_basic_iron":2,"minecraft:cooked_mutton":17,"minecraft:diamond_helmet":1,"minecraft:iron_boots":1,"farlanders:nightfall_sword":1,"spartanshields:shield_basic_wood":2,"sophisticatedbackpacks:backpack":2,"minecraft:emerald":4,"minecraft:cooked_porkchop":7,"minecraft:crafting_table":2,"minecraft:wooden_pickaxe":1,"minecraft:iron_helmet":1,"minecraft:iron_chestplate":1,"minecraft:shield":2,"sophisticatedbackpacks:diamond_backpack":1,"minecraft:stick":144,"quark:oak_chest":2,"minecraft:iron_ingot":202,"minecraft:iron_pickaxe":1,"minecraft:stone_sword":1,"minecraft:gold_ingot":97,"easyhammers:stone_hammer":1,"iceandfire:silver_sword":1,"paraglider:goron_goddess_statue":1,"minecraft:golden_carrot":9,"easyhammers:iron_hammer":4,"minecraft:furnace":3,"minecraft:diamond":9,"minecraft:iron_axe":2,"minecraft:stone_pickaxe":2,"minecraft:diamond_boots":1,"minecraft:dark_oak_planks":96,"minecraft:wheat":45,"sophisticatedbackpacks:iron_backpack":1,"minecraft:cooked_beef":33,"paraglider:paraglider":2,"cavesandcliffs:raw_gold":45,"minecraft:diamond_sword":1,"minecraft:iron_sword":1,"sophisticatedbackpacks:gold_backpack":1,"minecraft:stone_axe":2,"minecraft:bread":35,"minecraft:air":0,"minecraft:golden_apple":3,"minecraft:gold_nugget":90,"minecraft:wooden_axe":1,"minecraft:iron_shovel":4,"minecraft:iron_leggings":1,"minecraft:torch":292,"minecraft:diamond_chestplate":1},"minecraft:custom":{"minecraft:interact_with_crafting_table":71,"minecraft:open_barrel":123,"goblintraders:trade_with_goblin":49,"minecraft:eat_cake_slice":4,"minecraft:leave_game":15,"minecraft:time_since_death":63731,"minecraft:sprint_one_cm":891602,"minecraft:damage_blocked_by_shield":2636,"minecraft:drop":194,"minecraft:talked_to_villager":6,"minecraft:deaths":18,"minecraft:jump":5649,"minecraft:interact_with_brewingstand":3,"minecraft:walk_on_water_one_cm":26672,"minecraft:interact_with_furnace":80,"minecraft:interact_with_cartography_table":1,"minecraft:play_one_minute":563430,"minecraft:interact_with_loom":5,"minecraft:sleep_in_bed":19,"minecraft:waystone_activated":4,"minecraft:damage_dealt":33729,"minecraft:player_kills":5,"minecraft:crouch_one_cm":108086,"tombstone:undead_killed":27,"minecraft:interact_with_smoker":4,"minecraft:horse_one_cm":12735,"minecraft:interact_with_smithing_table":2,"minecraft:interact_with_anvil":27,"minecraft:mob_kills":143,"minecraft:damage_dealt_resisted":378,"minecraft:climb_one_cm":28878,"minecraft:walk_one_cm":1188270,"minecraft:damage_dealt_absorbed":160,"minecraft:sneak_time":36247,"minecraft:walk_under_water_one_cm":9596,"minecraft:interact_with_blast_furnace":19,"tombstone:raider_killed":31,"minecraft:interact_with_grindstone":1,"minecraft:time_since_rest":63323,"minecraft:damage_absorbed":323,"minecraft:damage_taken":14219,"minecraft:swim_one_cm":5544,"minecraft:fly_one_cm":1090122,"minecraft:open_chest":183,"minecraft:fall_one_cm":144248},"minecraft:killed":{"vampirism:vampire":6,"specialmobs:slime":1,"specialmobs:frozenzombie":1,"farlanders:fanmade_enderman":1,"minecraft:pufferfish":2,"specialmobs:skeleton":5,"alexsmobs:alligator_snapping_turtle":1,"vampirism:advanced_hunter":2,"artifacts:mimic":1,"minecraft:pig":4,"alexsmobs:grizzly_bear":3,"farlanders:rebel":5,"dungeons_mobs:wraith":2,"minecraft:strider":1,"specialmobs:enderman":1,"vampirism:hunter":3,"minecraft:sheep":14,"minecraft:pillager":23,"minecraft:donkey":1,"specialmobs:giantzombie":1,"specialmobs:spider":4,"minecraft:cow":13,"specialmobs:deathcreeper":1,"minecraft:evoker":2,"alexsmobs:mimic_octopus":1,"specialmobs:firecreeper":1,"minecraft:giant":1,"alexsmobs:raccoon":3,"minecraft:vindicator":5,"specialmobs:huskzombie":1,"minecraft:horse":4,"specialmobs:zombie":12,"specialmobs:madscientistzombie":1,"specialmobs:plaguezombie":1,"farlanders:looter":2,"specialmobs:hungryzombie":1,"farlanders:ender_golem":1,"minecraft:ravager":1,"specialmobs:firezombie":1,"alexsmobs:crow":1,"specialmobs:brutezombie":1},"minecraft:killed_by":{"farlanders:fanmade_enderman":2,"alexsmobs:grizzly_bear":3,"farlanders:looter":1,"specialmobs:creeper":3,"minecraft:vex":1,"minecraft:player":2,"minecraft:iron_golem":1,"specialmobs:weatheredskeleton":1,"minecraft:giant":3}},"DataVersion":2586}