{"stats":{"minecraft:killed":{"farlanders:looter":1,"minecraft:sheep":11,"minecraft:horse":2,"minecraft:donkey":1,"specialmobs:zombie":1,"minecraft:cow":4},"minecraft:mined":{"minecraft:white_bed":2,"minecraft:clay":2,"minecraft:crafting_table":2,"minecraft:grass_block":3,"minecraft:tall_grass":2,"minecraft:potted_bamboo":1,"minecraft:oak_planks":4,"minecraft:furnace":1,"minecraft:iron_ore":6,"minecraft:wheat":59,"treechop:chopped_log":2,"minecraft:grass":9,"duneons:swamplog":5,"minecraft:oak_log":6,"minecraft:dirt":13,"minecraft:stone":43,"minecraft:oak_leaves":72},"minecraft:crafted":{"minecraft:oak_planks":24,"minecraft:crafting_table":1,"minecraft:wooden_pickaxe":1,"minecraft:furnace":1,"minecraft:stone_axe":2,"minecraft:cooked_mutton":7,"minecraft:air":0,"minecraft:shield":2,"minecraft:stick":16,"minecraft:iron_ingot":5,"minecraft:stone_pickaxe":2,"minecraft:wooden_axe":1},"minecraft:picked_up":{"minecraft:crafting_table":2,"minecraft:wheat":61,"minecraft:clay_ball":8,"minecraft:flower_pot":1,"duneons:swamplog":5,"minecraft:leather":10,"cavesandcliffs:raw_iron":6,"minecraft:oak_log":6,"minecraft:dirt":15,"minecraft:experience_bottle":1,"minecraft:apple":1,"minecraft:wheat_seeds":168,"minecraft:beef":9,"minecraft:light_gray_wool":2,"minecraft:bamboo":1,"minecraft:oak_planks":36,"minecraft:furnace":1,"minecraft:white_bed":2,"minecraft:stone_axe":1,"minecraft:gray_wool":1,"minecraft:emerald":1,"minecraft:oak_sapling":5,"minecraft:mutton":20,"minecraft:white_wool":8,"minecraft:cobblestone":51},"minecraft:used":{"minecraft:cooked_mutton":2,"minecraft:stone_pickaxe":52,"minecraft:wooden_pickaxe":3,"minecraft:mutton":1,"minecraft:crafting_table":3,"minecraft:wooden_axe":28,"minecraft:stone_axe":18,"minecraft:cobblestone":5,"minecraft:furnace":2,"tombstone:gift":1,"minecraft:experience_bottle":1},"minecraft:killed_by":{"specialmobs:weatheredskeleton":1,"farlanders:looter":1},"minecraft:dropped":{"minecraft:stone_axe":1,"minecraft:shield":1,"minecraft:stone_pickaxe":1},"minecraft:custom":{"minecraft:interact_with_furnace":11,"minecraft:mob_kills":20,"minecraft:interact_with_crafting_table":14,"minecraft:play_one_minute":24457,"minecraft:eat_cake_slice":2,"minecraft:leave_game":1,"minecraft:time_since_death":6558,"minecraft:sleep_in_bed":1,"minecraft:time_since_rest":4690,"minecraft:waystone_activated":1,"minecraft:sprint_one_cm":62866,"minecraft:damage_taken":591,"minecraft:walk_one_cm":48377,"minecraft:drop":3,"minecraft:damage_dealt":2480,"minecraft:fly_one_cm":80220,"minecraft:open_chest":2,"minecraft:crouch_one_cm":3594,"tombstone:undead_killed":1,"minecraft:deaths":2,"minecraft:sneak_time":2644,"minecraft:jump":432,"minecraft:walk_on_water_one_cm":1137,"minecraft:fall_one_cm":14673}},"DataVersion":2586}