{"stats":{"minecraft:picked_up":{"minecraft:iron_chestplate":1,"minecraft:flower_pot":1,"minecraft:anvil":3,"minecraft:lead":13,"minecraft:diamond_sword":1,"minecraft:enchanted_book":3,"minecraft:string":31,"paraglider:goddess_statue":1,"minecraft:dark_oak_pressure_plate":1,"upgrade_aquatic:river_sapling":1,"create:piston_extension_pole":4,"minecraft:pufferfish":1,"create:sticky_mechanical_piston":3,"upgrade_aquatic:river_log":4,"minecraft:gold_nugget":1,"minecraft:spruce_planks":6,"minecraft:written_book":2,"quark:root_item":2,"elevatorid:elevator_blue":5,"minecraft:acacia_log":2,"cavesandcliffs:smooth_basalt":9,"evilcraft:box_of_eternal_closure":2,"minecraft:cyan_terracotta":1,"cavesandcliffs:polished_deepslate_wall":1,"minecraft:iron_bars":5,"quark:marble":24,"minecraft:cooked_beef":11,"minecraft:iron_door":2,"minecraft:smoker":3,"minecraft:flint":1,"cavesandcliffs:amethyst_shard":12,"minecraft:lantern":1,"tombstone:familiar_receptacle":1,"quark:crimson_bookshelf":2,"cavesandcliffs:raw_gold_block":5,"minecraft:dark_oak_sign":1,"duneons:busherstone":3,"create:shaft":22,"minecraft:glowstone_dust":16,"vampirism:ring":1,"dungeons_mobs:diamond_pillager_helmet":1,"minecraft:ink_sac":1,"minecraft:dark_oak_log":83,"alexsmobs:animal_dictionary":1,"minecraft:barrel":2,"quark:cobbled_deepslate":1833,"cavesandcliffs:tuff":82,"simpleplanes:large_plane":12,"minecraft:spruce_button":1,"minecraft:bread":3,"minecraft:crafting_table":7,"minecraft:clay_ball":12,"minecraft:leather_leggings":3,"minecraft:golden_pickaxe":1,"cavesandcliffs:raw_iron":192,"prefab:item_start_house":2,"create:redstone_link":3,"minecraft:cartography_table":2,"minecraft:beef":39,"minecraft:poppy":1,"minecraft:iron_nugget":1,"minecraft:spruce_slab":1,"minecraft:egg":1,"minecraft:spruce_fence":2,"minecraft:fire_charge":4,"duneons:troomgoldblock":2,"create:powdered_obsidian":2,"minecraft:carrot":15,"quark:black_framed_glass_pane":5,"minecraft:redstone":344,"create:vertical_gearbox":7,"prefab:item_moderate_house":1,"minecraft:diamond_boots":3,"minecraft:gold_ingot":16,"minecraft:mutton":24,"minecraft:bone_block":24,"minecraft:white_wool":15,"vampirism:vampire_blood_bottle":1,"minecraft:filled_map":5,"create:weathered_limestone_cobblestone":1,"minecraft:oak_log":163,"minecraft:golden_boots":1,"minecraft:stone_bricks":9,"minecraft:apple":4,"minecraft:pufferfish_bucket":2,"minecraft:stone_pickaxe":2,"minecraft:iron_ore":31,"minecraft:cobweb":1,"tombstone:bag_of_seeds":1,"duneons:swampfern":2,"farlanders:endumium_crystal":3,"minecraft:iron_sword":1,"minecraft:dark_oak_stairs":1,"quark:light_gray_shard":12,"minecraft:gravel":1,"cavesandcliffs:red_candle":2,"minecraft:spruce_log":4,"create:gearbox":10,"minecraft:leather_helmet":3,"minecraft:oak_wood":1,"minecraft:slime_ball":1,"minecraft:stone_axe":1,"duneons:venom":7,"minecraft:gray_wool":2,"create:rose_quartz":1,"minecraft:stripped_dark_oak_log":1,"minecraft:ender_pearl":2,"minecraft:wheat":179,"create:dolomite_cobblestone":3,"minecraft:stone_brick_stairs":2,"minecraft:potion":1,"tombstone:grave_key":1,"evilcraft:ender_tear":2,"quark:iron_plate":1,"minecraft:iron_leggings":2,"minecraft:armor_stand":6,"minecraft:experience_bottle":7,"minecraft:oak_sign":1,"alexsmobs:banana":1,"minecraft:rose_bush":1,"minecraft:redstone_torch":2,"minecraft:iron_pickaxe":1,"alexsmobs:raccoon_tail":4,"easyhammers:stone_hammer":1,"minecraft:iron_boots":4,"supplementaries:pancake":4,"minecraft:furnace":5,"minecraft:stick":16,"cavesandcliffs:amethyst_block":5,"minecraft:oak_fence":6,"duneons:endercube":1,"minecraft:torch":12,"quark:iron_rod":1,"minecraft:spruce_stairs":9,"minecraft:porkchop":7,"tombstone:grave_dust":14,"vampirism:vampire_fang":2,"quark:ancient_tome":1,"minecraft:andesite_wall":1,"minecraft:rotten_flesh":57,"cavesandcliffs:raw_gold":35,"alexsmobs:mimic_octopus_bucket":1,"minecraft:cobblestone":1206,"minecraft:leather_chestplate":3,"minecraft:lilac":1,"minecraft:andesite":1,"minecraft:golden_leggings":1,"easyhammers:iron_hammer":1,"paraglider:spirit_orb":10,"minecraft:lapis_lazuli":76,"minecraft:dirt":819,"minecraft:polished_granite":1,"minecraft:name_tag":2,"minecraft:bone":27,"minecraft:acacia_planks":1,"create:copper_ore":4,"minecraft:bow":1,"minecraft:wheat_seeds":499,"cavesandcliffs:raw_copper":30,"vampirism:item_garlic":1,"minecraft:bamboo":1,"minecraft:oak_planks":111,"minecraft:oak_pressure_plate":3,"quark:dark_oak_ladder":3,"dungeons_mobs:gold_pillager_helmet":1,"minecraft:grass_block":4,"minecraft:diamond_block":1,"quark:gravisand":4,"minecraft:mossy_cobblestone":1,"minecraft:light_gray_concrete":5,"duneons:hoglinskull":1,"minecraft:diamond":64,"waystones:waystone":1,"minecraft:golden_apple":2,"alexsmobs:moose_ribs":2,"minecraft:emerald":6,"minecraft:oak_sapling":36,"duneons:swamplog":12,"minecraft:stone_brick_wall":1,"minecraft:gold_block":1,"minecraft:chain":6,"artifacts:feral_claws":1,"farlanders:ender_horn":5,"minecraft:item_frame":11,"minecraft:light_gray_wool":2,"supplementaries:cage":5,"minecraft:dark_oak_sapling":12,"spartanshields:shield_basic_iron":2,"minecraft:cookie":5,"create:hand_crank":3,"minecraft:dark_oak_planks":106,"minecraft:arrow":26,"quark:smooth_basalt":47,"minecraft:saddle":2,"minecraft:salmon":3,"biomesoplenty:goldenrod":4,"minecraft:leather":41,"minecraft:music_disc_stal":1,"duneons:mosstroomgrass":1,"minecraft:gunpowder":12,"minecraft:cobblestone_wall":1,"minecraft:cooked_mutton":6,"vampirism:human_heart":2,"minecraft:gray_carpet":222,"minecraft:iron_ingot":78,"quark:tallow":7,"portablemobs:master_capture_cell":2,"minecraft:polished_andesite_slab":1,"minecraft:book":83,"cavesandcliffs:calcite":12,"cavesandcliffs:cobbled_deepslate":814,"minecraft:stone_brick_slab":3,"quark:glass_item_frame":6,"minecraft:quartz":1,"minecraft:dandelion":1,"minecraft:blast_furnace":4,"minecraft:white_bed":3,"quark:oak_chest":3,"minecraft:dark_oak_fence_gate":1,"minecraft:spider_eye":5,"minecraft:cut_red_sandstone":2,"evilcraft:dark_gem":18,"tombstone:magic_scroll":1,"minecraft:coal":540},"minecraft:used":{"quark:cobbled_deepslate":335,"cavesandcliffs:red_candle":2,"minecraft:poppy":1,"alexsmobs:mimic_octopus_bucket":1,"minecraft:grass_block":1,"minecraft:bow":21,"minecraft:furnace":5,"minecraft:egg":1,"minecraft:wooden_pickaxe":3,"alexsmobs:blobfish_bucket":2,"vampirism:human_heart":1,"quark:black_framed_glass_pane":2,"minecraft:cookie":1,"minecraft:golden_apple":11,"minecraft:blast_furnace":1,"quark:marble":12,"quark:gravisand":4,"quark:iron_plate":1,"minecraft:oak_pressure_plate":3,"duneons:limeglass":4,"minecraft:lilac":1,"duneons:hoglinskull":1,"simpleplanes:large_plane":12,"minecraft:diamond_sword":90,"cavesandcliffs:tuff":2,"minecraft:stone_sword":6,"iceandfire:silver_sword":24,"minecraft:armor_stand":5,"minecraft:torch":177,"minecraft:anvil":2,"minecraft:iron_axe":227,"carryon:entity_item":7,"tombstone:gift":5,"minecraft:acacia_planks":2,"minecraft:wheat_seeds":172,"minecraft:water_bucket":18,"extrabows:diamond_bow":13,"minecraft:crafting_table":7,"create:weathered_limestone_cobblestone":1,"minecraft:white_bed":3,"quark:glass_item_frame":5,"minecraft:oak_log":10,"farlanders:nightfall_sword":221,"minecraft:iron_pickaxe":329,"minecraft:cobblestone":243,"quark:slime_in_a_bucket":1,"minecraft:cooked_porkchop":7,"quark:oak_chest":4,"duneons:stormhammer":85,"minecraft:iron_shovel":755,"minecraft:bone_block":5,"minecraft:oak_sign":1,"minecraft:iron_sword":2,"paraglider:goddess_statue":1,"minecraft:mutton":1,"minecraft:carrot":25,"minecraft:milk_bucket":1,"minecraft:lantern":1,"minecraft:item_frame":8,"quark:dark_oak_ladder":3,"easyhammers:stone_hammer":92,"minecraft:gray_carpet":160,"minecraft:stone_pickaxe":120,"minecraft:oak_planks":82,"cavesandcliffs:cobbled_deepslate":4,"alexsmobs:spawn_egg_capuchin_monkey":1,"duneons:diamondpickaxedungeon":11,"minecraft:redstone_torch":1,"waystones:waystone":1,"duneons:venom":329,"minecraft:light_gray_concrete":3,"minecraft:bread":91,"tombstone:grave_key":3,"minecraft:pufferfish_bucket":3,"minecraft:chain":13,"minecraft:air":4,"minecraft:experience_bottle":39,"minecraft:cobweb":8,"cavesandcliffs:axolotl_bucket":1,"minecraft:rose_bush":2,"minecraft:spruce_planks":1,"duneons:large_jungle_plant":1,"minecraft:dirt":231,"elevatorid:elevator_blue":7,"minecraft:wooden_axe":28,"minecraft:dark_oak_planks":135,"paraglider:goron_goddess_statue":1,"evilcraft:box_of_eternal_closure":3,"supplementaries:pancake":4,"minecraft:golden_carrot":10,"duneons:troomgoldblock":2,"alexsmobs:lobster_bucket":1,"duneons:telescope":1,"alexsmobs:banana":4,"minecraft:cooked_beef":47,"minecraft:cooked_mutton":21,"minecraft:stripped_dark_oak_log":1,"minecraft:smoker":3,"supplementaries:cage":13,"spartanshields:shield_basic_iron":55,"minecraft:stone_axe":118,"easyhammers:iron_hammer":515,"minecraft:bucket":20,"minecraft:pumpkin_pie":1,"alexsmobs:animal_dictionary":4},"minecraft:killed":{"vampirism:vampire":7,"specialmobs:slime":1,"alexsmobs:lobster":1,"specialmobs:frozenzombie":1,"specialmobs:giantskeleton":2,"farlanders:fanmade_enderman":1,"minecraft:pufferfish":2,"minecraft:chicken":1,"alexsmobs:capuchin_monkey":1,"vampirism:advanced_hunter":2,"specialmobs:webspider":1,"specialmobs:fishingzombie":1,"farlanders:rebel":7,"dungeons_mobs:wraith":2,"minecraft:pillager":23,"minecraft:donkey":1,"specialmobs:giantzombie":3,"minecraft:cow":17,"specialmobs:deathcreeper":2,"alexsmobs:mimic_octopus":1,"minecraft:evoker":2,"specialmobs:firecreeper":1,"alexsmobs:raccoon":3,"minecraft:vindicator":5,"minecraft:horse":4,"specialmobs:knightskeleton":1,"specialmobs:zombie":33,"goblintraders:goblin_trader":1,"farlanders:classic_enderman":2,"minecraft:ravager":1,"specialmobs:creeper":5,"specialmobs:weatheredskeleton":2,"specialmobs:brutezombie":3,"specialmobs:poisonskeleton":3,"specialmobs:skeleton":13,"alexsmobs:alligator_snapping_turtle":1,"specialmobs:gravelcreeper":1,"artifacts:mimic":1,"minecraft:pig":4,"alexsmobs:grizzly_bear":3,"specialmobs:enderman":1,"minecraft:strider":1,"vampirism:hunter":4,"minecraft:sheep":17,"minecraft:trader_llama":2,"specialmobs:spider":8,"minecraft:giant":4,"specialmobs:huskzombie":1,"specialmobs:madscientistzombie":3,"specialmobs:plaguezombie":3,"farlanders:looter":4,"specialmobs:waterspider":1,"specialmobs:hungryzombie":5,"farlanders:ender_golem":1,"specialmobs:firezombie":1,"specialmobs:lightningcreeper":1,"specialmobs:fireskeleton":1,"alexsmobs:crow":1,"specialmobs:drowningcreeper":1},"minecraft:crafted":{"spartanshields:shield_basic_iron":2,"minecraft:oak_pressure_plate":1,"minecraft:cooked_mutton":18,"spartanshields:shield_basic_diamond":2,"minecraft:diamond_helmet":1,"minecraft:diamond_leggings":1,"minecraft:emerald":31,"minecraft:cooked_porkchop":7,"quark:oak_chest":3,"minecraft:iron_pickaxe":1,"minecraft:gold_ingot":97,"elevatorid:elevator_blue":2,"iceandfire:silver_sword":1,"minecraft:golden_carrot":9,"extrabows:iron_bow":1,"easyhammers:iron_hammer":5,"extrabows:stone_upgrade_kit":1,"minecraft:diamond":9,"minecraft:stone_pickaxe":2,"minecraft:diamond_boots":2,"minecraft:dark_oak_planks":180,"minecraft:wheat":45,"cavesandcliffs:raw_gold":45,"sophisticatedbackpacks:gold_backpack":1,"extrabows:diamond_upgrade_kit":1,"extrabows:diamond_bow":1,"minecraft:golden_apple":6,"minecraft:wooden_axe":1,"minecraft:iron_shovel":4,"minecraft:iron_leggings":1,"extrabows:iron_upgrade_kit":1,"minecraft:oak_planks":256,"extrabows:golden_bow":1,"extrabows:strong_diamond":1,"minecraft:bow":2,"minecraft:iron_boots":1,"farlanders:nightfall_sword":1,"spartanshields:shield_basic_wood":4,"extrabows:strong_gold":2,"sophisticatedbackpacks:backpack":2,"minecraft:crafting_table":2,"minecraft:wooden_pickaxe":1,"minecraft:iron_helmet":1,"minecraft:iron_chestplate":1,"minecraft:shield":2,"sophisticatedbackpacks:diamond_backpack":1,"minecraft:stick":144,"minecraft:iron_ingot":318,"minecraft:stone_sword":1,"easyhammers:stone_hammer":1,"extrabows:strong_iron":2,"paraglider:goron_goddess_statue":1,"minecraft:furnace":3,"extrabows:stone_bow":2,"minecraft:iron_axe":2,"sophisticatedbackpacks:iron_backpack":1,"minecraft:cooked_beef":40,"paraglider:paraglider":2,"minecraft:diamond_sword":1,"elevatorid:elevator_white":1,"extrabows:strong_stone":4,"minecraft:iron_sword":1,"minecraft:stone_axe":2,"minecraft:bread":68,"minecraft:air":0,"minecraft:blue_dye":9,"minecraft:gold_nugget":90,"minecraft:blue_wool":8,"minecraft:acacia_planks":8,"minecraft:torch":292,"minecraft:diamond_chestplate":1},"minecraft:broken":{"minecraft:iron_leggings":1,"farlanders:nightfall_sword":1,"spartanshields:shield_basic_iron":1,"minecraft:iron_pickaxe":1,"minecraft:iron_shovel":2,"duneons:renegade_armor_helmet":1,"minecraft:stone_axe":1,"duneons:renegade_armor_chestplate":1},"minecraft:killed_by":{"alexsmobs:grizzly_bear":3,"specialmobs:creeper":3,"minecraft:vex":1,"minecraft:giant":4,"specialmobs:spider":1,"farlanders:fanmade_enderman":2,"farlanders:looter":1,"minecraft:player":2,"minecraft:iron_golem":1,"specialmobs:weatheredskeleton":1},"minecraft:dropped":{"minecraft:cooked_beef":1,"minecraft:diamond":12,"minecraft:crafting_table":1,"minecraft:cookie":4,"minecraft:saddle":1,"minecraft:leather_helmet":4,"minecraft:item_frame":7,"minecraft:dirt":564,"minecraft:dark_oak_planks":7,"alexsmobs:raccoon_tail":1,"tombstone:familiar_receptacle":1,"minecraft:bone":7,"minecraft:stone_axe":1,"minecraft:iron_nugget":16,"alexsmobs:animal_dictionary":1,"minecraft:wheat":10,"minecraft:rotten_flesh":4,"minecraft:dark_oak_fence_gate":1,"duneons:venom":5,"easyhammers:iron_hammer":2,"supplementaries:flax_seeds":5,"vampirism:vampire_blood_bottle":1,"vampirism:vampire_fang":1,"minecraft:leather_boots":1,"minecraft:leather_leggings":4,"farmersdelight:onion_crate":1,"minecraft:spruce_slab":1,"minecraft:stone_brick_stairs":2,"minecraft:cartography_table":2,"duneons:latticebamboobrick":2,"minecraft:enchanted_book":1,"minecraft:iron_ingot":1,"create:rose_quartz":3,"minecraft:wheat_seeds":9,"create:copper_ore":3,"minecraft:feather":4,"minecraft:cobblestone":24,"minecraft:spruce_button":1,"minecraft:golden_apple":2,"minecraft:pufferfish":1,"minecraft:cobweb":1,"minecraft:dried_kelp_block":3,"minecraft:gray_wool":1,"biomesoplenty:goldenrod":1,"minecraft:potion":4,"minecraft:dead_bush":1,"duneons:telescope":1,"minecraft:iron_shovel":1,"minecraft:string":13,"minecraft:gray_carpet":33,"cavesandcliffs:tuff":1,"minecraft:stone_brick_slab":3,"alexsmobs:banana_peel":8,"minecraft:cobblestone_wall":1,"minecraft:dark_oak_sign":1,"spartanshields:shield_basic_iron":2,"minecraft:experience_bottle":12,"evilcraft:box_of_eternal_closure":1,"minecraft:clay_ball":7,"duneons:oaktotem":1,"sophisticatedbackpacks:backpack":1,"minecraft:name_tag":1,"minecraft:light_gray_concrete":2,"duneons:diamondpickaxedungeon":1,"minecraft:potato":3,"minecraft:spruce_planks":5,"minecraft:redstone_torch":2,"minecraft:stone_bricks":8,"minecraft:barrel":2,"minecraft:spider_eye":1,"duneons:stormhammer":1,"minecraft:soul_sand":3,"minecraft:dark_oak_stairs":1,"minecraft:oak_log":42,"minecraft:golden_pickaxe":1,"minecraft:dark_oak_sapling":4,"quark:marble":12,"minecraft:lantern":1,"minecraft:leather":20,"minecraft:honeycomb":8,"minecraft:cyan_terracotta":1,"quark:dirty_shard":5,"prefab:item_start_house":4,"paraglider:paraglider":1,"minecraft:armor_stand":1,"quark:tallow":4,"portablemobs:master_capture_cell":2,"minecraft:carrot":1,"minecraft:leather_chestplate":4,"quark:gravisand":1,"create:dolomite_cobblestone":2,"duneons:troomgoldblock":1,"minecraft:stone_brick_wall":1,"alexsmobs:moose_ribs":2,"minecraft:arrow":2,"minecraft:iron_bars":7,"alexsmobs:banana":1,"spartanshields:shield_basic_diamond":1,"minecraft:written_book":3,"minecraft:mossy_cobblestone":1,"easyhammers:stone_hammer":1,"minecraft:andesite_wall":1,"minecraft:dark_oak_pressure_plate":1,"minecraft:spruce_stairs":9,"quark:glass_item_frame":1,"mca:book_romance":1,"minecraft:torch":1,"tombstone:grave_key":1,"minecraft:iron_door":2,"tombstone:grave_dust":5,"minecraft:iron_axe":1,"duneons:swampfern":2,"minecraft:redstone":1,"quark:seed_pouch":1,"quark:black_framed_glass_pane":2,"minecraft:nether_wart":3,"cavesandcliffs:polished_deepslate_wall":1,"alexsmobs:bear_fur":3,"quark:smooth_basalt":12,"minecraft:shield":1,"cavesandcliffs:raw_gold":2,"minecraft:oak_sapling":5,"minecraft:diamond_boots":1,"minecraft:spruce_log":4,"create:crushed_zinc_ore":6,"minecraft:stone_pickaxe":3},"minecraft:mined":{"minecraft:dark_oak_planks":99,"quark:dark_oak_bookshelf":12,"minecraft:white_bed":3,"minecraft:acacia_log":2,"minecraft:stone_brick_wall":2,"duneons:bamboobiggrass":1,"minecraft:oak_pressure_plate":3,"minecraft:oak_wall_sign":1,"minecraft:spawner":8,"minecraft:fire":18,"cavesandcliffs:deepslate_copper_ore":2,"minecraft:light_gray_concrete":5,"minecraft:smoker":3,"minecraft:torch":2,"minecraft:blast_furnace":4,"duneons:bamboograss":3,"quark:black_framed_glass_pane":5,"minecraft:chain":3,"create:sticky_mechanical_piston":3,"cavesandcliffs:amethyst_block":5,"minecraft:light_gray_stained_glass":4,"minecraft:wheat":191,"minecraft:lilac":1,"cavesandcliffs:deepslate_diamond_ore":12,"minecraft:stone_brick_stairs":4,"quark:gravisand":5,"create:weathered_limestone":1,"minecraft:grass":61,"create:hand_crank":1,"cavesandcliffs:deepslate":78,"minecraft:cut_red_sandstone":2,"farlanders:endumium_ore":3,"iceandfire:silver_ore":2,"minecraft:mossy_cobblestone":1,"cavesandcliffs:deepslate_gold_ore":4,"farmersdelight:wild_carrots":5,"minecraft:dark_oak_log":95,"quark:cobbled_deepslate":45,"minecraft:spruce_fence":2,"minecraft:redstone_wire":1,"minecraft:potted_bamboo":1,"duneons:bambootall":4,"minecraft:redstone_ore":4,"create:shaft":22,"evilcraft:box_of_eternal_closure":2,"minecraft:andesite":1,"minecraft:diamond_block":1,"quark:smooth_basalt":3,"quark:oak_chest":1,"minecraft:stone_brick_slab":3,"minecraft:dandelion":1,"cavesandcliffs:raw_gold_block":4,"minecraft:tall_grass":16,"create:redstone_link":1,"elevatorid:elevator_blue":5,"minecraft:cobblestone_wall":1,"create:gearbox":17,"quark:deepslate":198,"minecraft:gravel":1,"minecraft:cobweb":11,"minecraft:acacia_planks":1,"minecraft:stone_bricks":4,"minecraft:gold_ore":4,"minecraft:fern":1,"quark:root":2,"minecraft:spruce_planks":6,"duneons:mosstroomgrass":1,"duneons:swampfern":2,"minecraft:grass_block":361,"minecraft:glowstone":6,"minecraft:iron_ore":43,"minecraft:anvil":3,"cavesandcliffs:smooth_basalt":1,"minecraft:iron_bars":13,"cavesandcliffs:deepslate_iron_ore":14,"supplementaries:book_pile":3,"minecraft:clay":3,"minecraft:cobblestone":19,"minecraft:oak_planks":11,"minecraft:iron_door":2,"minecraft:wall_torch":1,"biomesoplenty:goldenrod":2,"quark:marble":7,"duneons:endercube":1,"cavesandcliffs:tuff":6,"biomesoplenty:clover":1,"minecraft:oak_log":119,"duneons:troomgoldblock":2,"cavesandcliffs:deepslate_redstone_ore":5,"minecraft:dirt":437,"minecraft:oak_leaves":715,"minecraft:diamond_ore":5,"upgrade_aquatic:river_log":4,"minecraft:dark_oak_leaves":212,"minecraft:dark_oak_pressure_plate":2,"minecraft:polished_andesite_slab":1,"minecraft:furnace":5,"treechop:chopped_log":94,"minecraft:gold_block":1,"duneons:swamplog":12,"minecraft:bookshelf":8,"cavesandcliffs:calcite":1,"minecraft:stone":298,"cavesandcliffs:amethyst_cluster":3,"supplementaries:book_pile_horizontal":3,"minecraft:stripped_dark_oak_log":1,"minecraft:polished_granite":1,"minecraft:oak_fence":6,"minecraft:crafting_table":7,"minecraft:oak_wood":1,"minecraft:rose_bush":1,"minecraft:andesite_wall":1,"minecraft:lapis_ore":3,"supplementaries:cage":3,"upgrade_aquatic:river_leaves":9,"minecraft:spruce_stairs":5,"minecraft:gray_wool":1,"cavesandcliffs:deepslate_coal_ore":63,"minecraft:redstone_torch":3,"minecraft:grass_path":3,"minecraft:coal_ore":51,"evilcraft:blood_stain":2,"minecraft:gray_carpet":135,"supplementaries:pancake":1,"paraglider:goddess_statue":1},"minecraft:custom":{"minecraft:interact_with_crafting_table":72,"minecraft:open_barrel":167,"goblintraders:trade_with_goblin":134,"minecraft:eat_cake_slice":4,"minecraft:leave_game":24,"minecraft:time_since_death":71701,"minecraft:damage_blocked_by_shield":4326,"minecraft:deaths":20,"minecraft:jump":6937,"minecraft:interact_with_furnace":87,"minecraft:interact_with_cartography_table":1,"minecraft:sleep_in_bed":19,"minecraft:waystone_activated":4,"minecraft:damage_dealt":53930,"tombstone:undead_killed":78,"minecraft:interact_with_smoker":6,"minecraft:horse_one_cm":19390,"minecraft:interact_with_smithing_table":2,"minecraft:interact_with_anvil":30,"minecraft:damage_dealt_absorbed":160,"minecraft:sneak_time":42972,"minecraft:interact_with_blast_furnace":22,"tombstone:raider_killed":31,"minecraft:time_since_rest":71039,"minecraft:swim_one_cm":6725,"minecraft:fly_one_cm":1460704,"minecraft:open_chest":357,"minecraft:fall_one_cm":189887,"minecraft:sprint_one_cm":1123838,"minecraft:drop":212,"minecraft:talked_to_villager":8,"minecraft:interact_with_brewingstand":3,"minecraft:walk_on_water_one_cm":29282,"minecraft:play_one_minute":709616,"minecraft:interact_with_loom":5,"minecraft:player_kills":12,"minecraft:crouch_one_cm":124717,"minecraft:mob_kills":238,"minecraft:damage_dealt_resisted":378,"minecraft:climb_one_cm":47591,"minecraft:walk_one_cm":1614752,"minecraft:walk_under_water_one_cm":10571,"minecraft:interact_with_grindstone":1,"minecraft:damage_taken":18634,"minecraft:damage_absorbed":364}},"DataVersion":2586}