{"stats":{"minecraft:killed_by":{"farlanders:fanmade_enderman":2,"alexsmobs:grizzly_bear":3,"farlanders:looter":1,"specialmobs:creeper":2,"minecraft:vex":1,"minecraft:player":2,"minecraft:iron_golem":1,"specialmobs:weatheredskeleton":1,"minecraft:giant":3},"minecraft:custom":{"minecraft:interact_with_crafting_table":65,"minecraft:open_barrel":98,"minecraft:eat_cake_slice":4,"minecraft:leave_game":11,"minecraft:time_since_death":19390,"minecraft:sprint_one_cm":653208,"minecraft:damage_blocked_by_shield":1941,"minecraft:drop":160,"minecraft:talked_to_villager":6,"minecraft:deaths":17,"minecraft:jump":4524,"minecraft:interact_with_brewingstand":3,"minecraft:walk_on_water_one_cm":19516,"minecraft:interact_with_furnace":80,"minecraft:play_one_minute":402372,"minecraft:interact_with_loom":3,"minecraft:sleep_in_bed":17,"minecraft:waystone_activated":3,"minecraft:damage_dealt":23671,"minecraft:player_kills":5,"tombstone:undead_killed":15,"minecraft:crouch_one_cm":77920,"minecraft:horse_one_cm":6483,"minecraft:mob_kills":101,"minecraft:interact_with_anvil":7,"minecraft:damage_dealt_resisted":378,"minecraft:climb_one_cm":19869,"minecraft:walk_one_cm":739616,"minecraft:damage_dealt_absorbed":160,"minecraft:sneak_time":25837,"minecraft:walk_under_water_one_cm":8999,"minecraft:interact_with_blast_furnace":17,"tombstone:raider_killed":22,"minecraft:interact_with_grindstone":1,"minecraft:time_since_rest":18652,"minecraft:damage_taken":11957,"minecraft:damage_absorbed":283,"minecraft:swim_one_cm":5544,"minecraft:fly_one_cm":897144,"minecraft:open_chest":86,"minecraft:fall_one_cm":121435},"minecraft:broken":{"minecraft:iron_shovel":2,"duneons:renegade_armor_helmet":1,"minecraft:stone_axe":1},"minecraft:crafted":{"minecraft:oak_planks":168,"spartanshields:shield_basic_iron":2,"minecraft:cooked_mutton":16,"minecraft:iron_boots":1,"farlanders:nightfall_sword":1,"spartanshields:shield_basic_wood":2,"sophisticatedbackpacks:backpack":2,"minecraft:cooked_porkchop":7,"minecraft:crafting_table":2,"minecraft:wooden_pickaxe":1,"minecraft:iron_helmet":1,"minecraft:iron_chestplate":1,"minecraft:shield":2,"sophisticatedbackpacks:diamond_backpack":1,"minecraft:stick":136,"quark:oak_chest":2,"minecraft:iron_ingot":128,"minecraft:iron_pickaxe":1,"minecraft:stone_sword":1,"minecraft:gold_ingot":12,"easyhammers:stone_hammer":1,"paraglider:goron_goddess_statue":1,"minecraft:golden_carrot":9,"easyhammers:iron_hammer":3,"minecraft:furnace":3,"minecraft:diamond":9,"minecraft:iron_axe":2,"minecraft:stone_pickaxe":2,"minecraft:diamond_boots":1,"minecraft:dark_oak_planks":96,"sophisticatedbackpacks:iron_backpack":1,"minecraft:cooked_beef":33,"paraglider:paraglider":2,"cavesandcliffs:raw_gold":45,"minecraft:diamond_sword":1,"minecraft:iron_sword":1,"sophisticatedbackpacks:gold_backpack":1,"minecraft:stone_axe":2,"minecraft:bread":20,"minecraft:air":0,"minecraft:golden_apple":3,"minecraft:gold_nugget":90,"minecraft:wooden_axe":1,"minecraft:iron_shovel":4,"minecraft:iron_leggings":1,"minecraft:torch":292},"minecraft:mined":{"minecraft:dark_oak_planks":97,"minecraft:white_bed":3,"duneons:swampfern":2,"minecraft:grass_block":359,"minecraft:stone_brick_wall":2,"duneons:bamboobiggrass":1,"minecraft:oak_pressure_plate":2,"minecraft:spawner":5,"minecraft:iron_ore":38,"minecraft:fire":9,"minecraft:anvil":1,"minecraft:iron_bars":8,"minecraft:light_gray_concrete":2,"cavesandcliffs:deepslate_iron_ore":6,"minecraft:clay":3,"minecraft:torch":2,"duneons:bamboograss":3,"minecraft:cobblestone":15,"minecraft:oak_planks":4,"minecraft:iron_door":2,"minecraft:wall_torch":1,"biomesoplenty:goldenrod":2,"quark:black_framed_glass_pane":2,"minecraft:light_gray_stained_glass":4,"quark:marble":7,"minecraft:wheat":106,"cavesandcliffs:deepslate_diamond_ore":4,"cavesandcliffs:tuff":1,"minecraft:stone_brick_stairs":4,"minecraft:grass":43,"biomesoplenty:clover":1,"minecraft:oak_log":117,"minecraft:dirt":433,"cavesandcliffs:deepslate":8,"minecraft:oak_leaves":715,"farlanders:endumium_ore":2,"minecraft:mossy_cobblestone":1,"quark:cobbled_deepslate":30,"minecraft:dark_oak_pressure_plate":2,"minecraft:spruce_fence":2,"minecraft:redstone_wire":1,"minecraft:potted_bamboo":1,"minecraft:redstone_ore":2,"minecraft:furnace":3,"evilcraft:box_of_eternal_closure":2,"minecraft:diamond_block":1,"treechop:chopped_log":58,"quark:smooth_basalt":3,"minecraft:gold_block":1,"minecraft:bookshelf":8,"duneons:swamplog":10,"minecraft:stone":255,"quark:oak_chest":1,"minecraft:stone_brick_slab":3,"minecraft:dandelion":1,"minecraft:oak_fence":3,"minecraft:crafting_table":7,"cavesandcliffs:raw_gold_block":4,"minecraft:rose_bush":1,"minecraft:andesite_wall":1,"minecraft:tall_grass":14,"minecraft:lapis_ore":2,"minecraft:spruce_stairs":5,"minecraft:gray_wool":1,"cavesandcliffs:deepslate_coal_ore":2,"minecraft:cobblestone_wall":1,"minecraft:redstone_torch":3,"quark:deepslate":34,"minecraft:grass_path":2,"minecraft:coal_ore":24,"evilcraft:blood_stain":2,"minecraft:gravel":1,"minecraft:gray_carpet":44,"minecraft:cobweb":10,"minecraft:stone_bricks":2,"minecraft:gold_ore":1,"minecraft:fern":1,"paraglider:goddess_statue":1,"quark:root":1},"minecraft:picked_up":{"minecraft:wheat":100,"create:dolomite_cobblestone":3,"minecraft:anvil":1,"minecraft:flower_pot":1,"minecraft:potion":1,"minecraft:enchanted_book":1,"minecraft:stone_brick_stairs":2,"tombstone:grave_key":1,"minecraft:dark_oak_pressure_plate":1,"paraglider:goddess_statue":1,"minecraft:string":23,"evilcraft:ender_tear":1,"minecraft:iron_leggings":1,"minecraft:armor_stand":3,"minecraft:pufferfish":1,"minecraft:experience_bottle":7,"minecraft:redstone_torch":2,"minecraft:rose_bush":1,"minecraft:written_book":2,"quark:root_item":1,"alexsmobs:raccoon_tail":3,"easyhammers:stone_hammer":1,"minecraft:furnace":3,"minecraft:iron_boots":1,"minecraft:stick":16,"minecraft:oak_fence":3,"minecraft:torch":9,"quark:iron_rod":1,"minecraft:spruce_stairs":9,"minecraft:porkchop":7,"tombstone:grave_dust":4,"minecraft:andesite_wall":1,"evilcraft:box_of_eternal_closure":2,"minecraft:rotten_flesh":4,"cavesandcliffs:raw_gold":14,"minecraft:cyan_terracotta":1,"cavesandcliffs:polished_deepslate_wall":1,"minecraft:iron_bars":2,"quark:marble":24,"minecraft:cobblestone":930,"alexsmobs:mimic_octopus_bucket":1,"minecraft:leather_chestplate":3,"minecraft:iron_door":2,"paraglider:spirit_orb":6,"minecraft:lapis_lazuli":23,"minecraft:dirt":786,"minecraft:lantern":1,"minecraft:name_tag":2,"minecraft:bone":5,"cavesandcliffs:raw_gold_block":5,"create:copper_ore":4,"minecraft:wheat_seeds":282,"vampirism:item_garlic":1,"duneons:busherstone":3,"minecraft:bamboo":1,"minecraft:oak_planks":104,"vampirism:ring":1,"minecraft:oak_pressure_plate":2,"dungeons_mobs:diamond_pillager_helmet":1,"minecraft:diamond_block":1,"minecraft:grass_block":3,"quark:gravisand":1,"minecraft:barrel":2,"minecraft:mossy_cobblestone":1,"quark:cobbled_deepslate":343,"minecraft:light_gray_concrete":2,"duneons:hoglinskull":1,"minecraft:diamond":21,"cavesandcliffs:tuff":4,"simpleplanes:large_plane":8,"minecraft:spruce_button":1,"minecraft:emerald":5,"minecraft:bread":2,"minecraft:oak_sapling":36,"minecraft:crafting_table":7,"minecraft:leather_leggings":3,"minecraft:clay_ball":12,"duneons:swamplog":10,"minecraft:golden_pickaxe":1,"minecraft:stone_brick_wall":1,"minecraft:gold_block":1,"cavesandcliffs:raw_iron":111,"minecraft:chain":3,"prefab:item_start_house":2,"minecraft:item_frame":3,"farlanders:ender_horn":5,"create:redstone_link":1,"minecraft:beef":32,"minecraft:poppy":1,"minecraft:spruce_slab":1,"minecraft:light_gray_wool":2,"supplementaries:cage":1,"spartanshields:shield_basic_iron":1,"minecraft:spruce_fence":2,"quark:black_framed_glass_pane":2,"create:powdered_obsidian":2,"minecraft:carrot":10,"minecraft:redstone":57,"minecraft:dark_oak_planks":103,"minecraft:arrow":8,"quark:smooth_basalt":36,"prefab:item_moderate_house":1,"minecraft:diamond_boots":3,"minecraft:gold_ingot":16,"minecraft:mutton":23,"minecraft:white_wool":10,"vampirism:vampire_blood_bottle":1,"biomesoplenty:goldenrod":4,"minecraft:leather":21,"minecraft:oak_log":113,"minecraft:gunpowder":5,"minecraft:cobblestone_wall":1,"vampirism:human_heart":1,"minecraft:stone_bricks":7,"minecraft:apple":1,"minecraft:gray_carpet":32,"minecraft:pufferfish_bucket":2,"quark:tallow":7,"minecraft:iron_ingot":78,"minecraft:stone_pickaxe":2,"minecraft:iron_ore":22,"farlanders:endumium_crystal":2,"duneons:swampfern":2,"minecraft:iron_sword":1,"minecraft:book":24,"quark:light_gray_shard":12,"cavesandcliffs:cobbled_deepslate":111,"minecraft:stone_brick_slab":3,"quark:glass_item_frame":3,"minecraft:quartz":1,"minecraft:dandelion":1,"minecraft:gravel":1,"cavesandcliffs:red_candle":2,"minecraft:white_bed":3,"minecraft:spruce_log":4,"minecraft:dark_oak_fence_gate":1,"minecraft:spider_eye":1,"quark:oak_chest":3,"minecraft:leather_helmet":3,"minecraft:stone_axe":1,"evilcraft:dark_gem":5,"create:rose_quartz":1,"minecraft:gray_wool":2,"minecraft:coal":141},"minecraft:used":{"minecraft:iron_shovel":755,"quark:cobbled_deepslate":103,"minecraft:poppy":1,"minecraft:iron_sword":2,"paraglider:goddess_statue":1,"minecraft:mutton":1,"minecraft:carrot":20,"minecraft:milk_bucket":1,"minecraft:grass_block":1,"minecraft:furnace":5,"easyhammers:stone_hammer":92,"minecraft:stone_pickaxe":120,"minecraft:oak_planks":7,"alexsmobs:blobfish_bucket":2,"minecraft:wooden_pickaxe":3,"minecraft:golden_apple":9,"cavesandcliffs:cobbled_deepslate":4,"quark:marble":12,"duneons:venom":105,"minecraft:bread":26,"minecraft:oak_pressure_plate":2,"duneons:limeglass":4,"simpleplanes:large_plane":8,"minecraft:diamond_sword":38,"minecraft:pufferfish_bucket":3,"minecraft:air":2,"minecraft:experience_bottle":39,"minecraft:cobweb":8,"cavesandcliffs:axolotl_bucket":1,"minecraft:rose_bush":1,"minecraft:stone_sword":6,"minecraft:torch":112,"duneons:large_jungle_plant":1,"minecraft:dirt":202,"minecraft:dark_oak_planks":133,"minecraft:wooden_axe":28,"minecraft:iron_axe":210,"paraglider:goron_goddess_statue":1,"evilcraft:box_of_eternal_closure":2,"minecraft:golden_carrot":3,"alexsmobs:lobster_bucket":1,"alexsmobs:banana":3,"tombstone:gift":4,"minecraft:cooked_beef":33,"minecraft:cooked_mutton":16,"minecraft:wheat_seeds":87,"minecraft:water_bucket":10,"minecraft:crafting_table":7,"minecraft:white_bed":3,"minecraft:oak_log":10,"farlanders:nightfall_sword":189,"minecraft:iron_pickaxe":174,"spartanshields:shield_basic_iron":20,"minecraft:stone_axe":118,"easyhammers:iron_hammer":117,"minecraft:cobblestone":173,"minecraft:cooked_porkchop":7,"minecraft:bucket":11,"minecraft:pumpkin_pie":1,"quark:oak_chest":3},"minecraft:dropped":{"minecraft:soul_sand":3,"minecraft:oak_log":12,"minecraft:golden_pickaxe":1,"minecraft:diamond":12,"minecraft:crafting_table":1,"minecraft:dark_oak_sapling":4,"quark:marble":12,"minecraft:lantern":1,"minecraft:honeycomb":8,"minecraft:saddle":1,"minecraft:leather_helmet":4,"minecraft:item_frame":3,"minecraft:cyan_terracotta":1,"minecraft:dirt":59,"quark:dirty_shard":5,"prefab:item_start_house":4,"paraglider:paraglider":1,"minecraft:dark_oak_planks":6,"minecraft:bone":7,"minecraft:armor_stand":1,"quark:tallow":4,"minecraft:stone_axe":1,"minecraft:iron_nugget":16,"alexsmobs:animal_dictionary":1,"minecraft:wheat":10,"minecraft:rotten_flesh":4,"minecraft:dark_oak_fence_gate":1,"minecraft:carrot":1,"easyhammers:iron_hammer":1,"quark:gravisand":1,"minecraft:leather_chestplate":4,"supplementaries:flax_seeds":5,"vampirism:vampire_blood_bottle":1,"create:dolomite_cobblestone":2,"minecraft:stone_brick_wall":1,"minecraft:leather_boots":1,"minecraft:leather_leggings":4,"farmersdelight:onion_crate":1,"minecraft:spruce_slab":1,"minecraft:iron_bars":6,"minecraft:arrow":2,"minecraft:stone_brick_stairs":2,"minecraft:written_book":2,"duneons:latticebamboobrick":2,"minecraft:iron_ingot":1,"create:rose_quartz":3,"minecraft:wheat_seeds":9,"create:copper_ore":3,"minecraft:mossy_cobblestone":1,"easyhammers:stone_hammer":1,"minecraft:feather":4,"minecraft:cobblestone":11,"minecraft:andesite_wall":1,"minecraft:dark_oak_pressure_plate":1,"minecraft:spruce_button":1,"minecraft:spruce_stairs":9,"minecraft:pufferfish":1,"minecraft:gray_wool":1,"mca:book_romance":1,"biomesoplenty:goldenrod":1,"minecraft:torch":1,"tombstone:grave_key":1,"minecraft:iron_door":2,"tombstone:grave_dust":5,"minecraft:potion":4,"duneons:telescope":1,"minecraft:dead_bush":1,"minecraft:iron_axe":1,"minecraft:iron_shovel":1,"minecraft:string":1,"minecraft:gray_carpet":32,"cavesandcliffs:tuff":1,"minecraft:stone_brick_slab":3,"duneons:swampfern":2,"quark:seed_pouch":1,"quark:black_framed_glass_pane":2,"alexsmobs:banana_peel":8,"minecraft:cobblestone_wall":1,"spartanshields:shield_basic_iron":2,"minecraft:experience_bottle":12,"cavesandcliffs:polished_deepslate_wall":1,"evilcraft:box_of_eternal_closure":1,"minecraft:clay_ball":7,"sophisticatedbackpacks:backpack":1,"minecraft:name_tag":1,"minecraft:light_gray_concrete":2,"alexsmobs:bear_fur":3,"duneons:diamondpickaxedungeon":1,"quark:smooth_basalt":12,"minecraft:potato":3,"minecraft:shield":1,"cavesandcliffs:raw_gold":2,"minecraft:oak_sapling":5,"minecraft:spider_eye":1,"minecraft:redstone_torch":2,"minecraft:barrel":2,"minecraft:stone_bricks":7,"minecraft:spruce_log":4,"minecraft:diamond_boots":1,"create:crushed_zinc_ore":6,"minecraft:stone_pickaxe":3,"duneons:stormhammer":1},"minecraft:killed":{"vampirism:vampire":5,"farlanders:fanmade_enderman":1,"minecraft:pufferfish":2,"specialmobs:skeleton":5,"vampirism:advanced_hunter":2,"minecraft:pig":4,"alexsmobs:grizzly_bear":2,"farlanders:rebel":2,"dungeons_mobs:wraith":1,"specialmobs:enderman":1,"vampirism:hunter":3,"minecraft:sheep":13,"minecraft:pillager":16,"minecraft:donkey":1,"specialmobs:spider":4,"minecraft:cow":13,"specialmobs:deathcreeper":1,"minecraft:evoker":2,"specialmobs:firecreeper":1,"alexsmobs:raccoon":1,"minecraft:vindicator":4,"minecraft:horse":4,"specialmobs:zombie":7,"specialmobs:plaguezombie":1,"farlanders:looter":1,"farlanders:ender_golem":1,"alexsmobs:crow":1,"specialmobs:brutezombie":1}},"DataVersion":2586}