{"stats":{"minecraft:crafted":{"minecraft:oak_planks":124,"easyhammers:iron_hammer":3,"spartanshields:shield_basic_iron":2,"minecraft:furnace":3,"minecraft:cooked_mutton":13,"minecraft:iron_boots":1,"minecraft:iron_axe":1,"farlanders:nightfall_sword":1,"minecraft:stone_pickaxe":2,"sophisticatedbackpacks:iron_backpack":1,"spartanshields:shield_basic_wood":2,"minecraft:cooked_beef":9,"minecraft:diamond_sword":1,"sophisticatedbackpacks:backpack":2,"minecraft:crafting_table":2,"minecraft:wooden_pickaxe":1,"minecraft:iron_helmet":1,"minecraft:iron_sword":1,"sophisticatedbackpacks:gold_backpack":1,"minecraft:stone_axe":2,"minecraft:bread":20,"minecraft:air":0,"minecraft:iron_chestplate":1,"minecraft:shield":2,"sophisticatedbackpacks:diamond_backpack":1,"minecraft:stick":108,"quark:oak_chest":2,"minecraft:iron_ingot":68,"minecraft:iron_pickaxe":1,"minecraft:wooden_axe":1,"minecraft:stone_sword":1,"minecraft:iron_leggings":1,"minecraft:gold_ingot":8,"easyhammers:stone_hammer":1,"minecraft:torch":292},"minecraft:killed_by":{"specialmobs:weatheredskeleton":1,"alexsmobs:grizzly_bear":3,"farlanders:looter":1},"minecraft:killed":{"vampirism:vampire":1,"minecraft:horse":4,"specialmobs:zombie":1,"alexsmobs:grizzly_bear":2,"farlanders:looter":1,"farlanders:ender_golem":1,"minecraft:sheep":13,"minecraft:pillager":3,"minecraft:donkey":1,"alexsmobs:crow":1,"minecraft:cow":4},"minecraft:used":{"minecraft:stone_sword":6,"minecraft:rose_bush":1,"quark:cobbled_deepslate":43,"minecraft:poppy":1,"minecraft:iron_sword":2,"minecraft:torch":80,"minecraft:mutton":1,"minecraft:wooden_axe":28,"minecraft:iron_axe":126,"minecraft:furnace":5,"tombstone:gift":1,"minecraft:wheat_seeds":87,"minecraft:cooked_mutton":10,"easyhammers:stone_hammer":92,"minecraft:stone_pickaxe":120,"minecraft:wooden_pickaxe":3,"cavesandcliffs:cobbled_deepslate":4,"minecraft:crafting_table":6,"minecraft:white_bed":3,"minecraft:oak_log":10,"farlanders:nightfall_sword":4,"minecraft:bread":20,"minecraft:iron_pickaxe":57,"minecraft:oak_pressure_plate":2,"spartanshields:shield_basic_iron":1,"minecraft:stone_axe":70,"easyhammers:iron_hammer":63,"minecraft:diamond_sword":38,"minecraft:cobblestone":173,"quark:oak_chest":3,"minecraft:air":1,"minecraft:cobweb":8,"minecraft:experience_bottle":1},"minecraft:dropped":{"minecraft:iron_ingot":1,"minecraft:oak_log":12,"create:copper_ore":2,"minecraft:diamond":4,"easyhammers:stone_hammer":1,"minecraft:crafting_table":1,"minecraft:cobblestone":8,"biomesoplenty:goldenrod":1,"mca:book_romance":1,"tombstone:grave_key":1,"tombstone:grave_dust":1,"prefab:item_start_house":4,"minecraft:stone_axe":1,"spartanshields:shield_basic_iron":2,"sophisticatedbackpacks:backpack":1,"easyhammers:iron_hammer":1,"quark:smooth_basalt":12,"minecraft:shield":1,"create:dolomite_cobblestone":2,"cavesandcliffs:raw_gold":2,"minecraft:oak_sapling":1,"minecraft:stone_pickaxe":1},"minecraft:mined":{"farlanders:endumium_ore":2,"minecraft:white_bed":3,"minecraft:grass_block":7,"minecraft:redstone_wire":1,"minecraft:oak_pressure_plate":2,"minecraft:potted_bamboo":1,"minecraft:redstone_ore":2,"minecraft:furnace":3,"minecraft:iron_ore":38,"treechop:chopped_log":53,"quark:smooth_basalt":3,"duneons:swamplog":10,"cavesandcliffs:deepslate_iron_ore":6,"minecraft:stone":177,"quark:oak_chest":1,"minecraft:dandelion":1,"minecraft:oak_fence":3,"minecraft:clay":3,"minecraft:crafting_table":6,"minecraft:rose_bush":1,"minecraft:tall_grass":9,"minecraft:cobblestone":12,"minecraft:lapis_ore":2,"minecraft:oak_planks":4,"minecraft:wall_torch":1,"biomesoplenty:goldenrod":2,"cavesandcliffs:deepslate_coal_ore":2,"minecraft:wheat":106,"cavesandcliffs:deepslate_diamond_ore":4,"cavesandcliffs:tuff":1,"quark:deepslate":34,"minecraft:grass":20,"biomesoplenty:clover":1,"minecraft:oak_log":108,"minecraft:coal_ore":21,"evilcraft:blood_stain":2,"minecraft:gravel":1,"minecraft:dirt":13,"minecraft:cobweb":5,"cavesandcliffs:deepslate":8,"minecraft:gold_ore":1,"minecraft:oak_leaves":580,"minecraft:fern":1,"quark:root":1},"minecraft:custom":{"minecraft:interact_with_anvil":1,"minecraft:mob_kills":32,"minecraft:interact_with_crafting_table":53,"minecraft:open_barrel":11,"minecraft:eat_cake_slice":2,"minecraft:leave_game":5,"minecraft:time_since_death":122551,"minecraft:climb_one_cm":13771,"minecraft:sprint_one_cm":245226,"minecraft:walk_one_cm":270883,"minecraft:damage_blocked_by_shield":40,"minecraft:drop":32,"minecraft:talked_to_villager":2,"minecraft:deaths":5,"minecraft:sneak_time":15444,"minecraft:walk_under_water_one_cm":3874,"minecraft:jump":1930,"minecraft:interact_with_blast_furnace":3,"minecraft:walk_on_water_one_cm":12798,"minecraft:interact_with_furnace":58,"tombstone:raider_killed":3,"minecraft:play_one_minute":154330,"minecraft:interact_with_grindstone":1,"minecraft:sleep_in_bed":7,"minecraft:time_since_rest":20129,"minecraft:waystone_activated":1,"minecraft:damage_taken":2532,"minecraft:damage_dealt":6900,"minecraft:swim_one_cm":5544,"minecraft:fly_one_cm":359437,"minecraft:open_chest":27,"minecraft:crouch_one_cm":36839,"tombstone:undead_killed":1,"minecraft:fall_one_cm":42421},"minecraft:picked_up":{"minecraft:crafting_table":6,"minecraft:wheat":99,"create:dolomite_cobblestone":3,"minecraft:flower_pot":1,"minecraft:clay_ball":12,"duneons:swamplog":10,"cavesandcliffs:raw_iron":111,"tombstone:grave_key":1,"minecraft:string":8,"prefab:item_start_house":2,"farlanders:ender_horn":5,"minecraft:experience_bottle":1,"minecraft:beef":9,"minecraft:rose_bush":1,"minecraft:poppy":1,"quark:root_item":1,"minecraft:light_gray_wool":2,"easyhammers:stone_hammer":1,"minecraft:furnace":3,"minecraft:stick":16,"spartanshields:shield_basic_iron":1,"minecraft:oak_fence":3,"minecraft:torch":1,"tombstone:grave_dust":1,"minecraft:redstone":57,"quark:smooth_basalt":36,"cavesandcliffs:raw_gold":14,"prefab:item_moderate_house":1,"minecraft:mutton":23,"minecraft:cobblestone":775,"minecraft:white_wool":10,"biomesoplenty:goldenrod":4,"minecraft:leather":11,"minecraft:oak_log":104,"minecraft:lapis_lazuli":23,"minecraft:dirt":17,"create:copper_ore":3,"minecraft:apple":1,"minecraft:wheat_seeds":275,"minecraft:iron_ingot":8,"minecraft:iron_ore":22,"duneons:busherstone":3,"farlanders:endumium_crystal":2,"minecraft:bamboo":1,"minecraft:oak_planks":81,"cavesandcliffs:cobbled_deepslate":111,"vampirism:ring":1,"minecraft:dandelion":1,"minecraft:oak_pressure_plate":2,"minecraft:gravel":1,"dungeons_mobs:diamond_pillager_helmet":1,"minecraft:white_bed":3,"quark:oak_chest":3,"quark:cobbled_deepslate":283,"minecraft:diamond":21,"minecraft:stone_axe":1,"cavesandcliffs:tuff":3,"evilcraft:dark_gem":5,"minecraft:gray_wool":1,"minecraft:emerald":1,"minecraft:oak_sapling":32,"minecraft:coal":129}},"DataVersion":2586}