{"stats":{"minecraft:killed_by":{"farlanders:fanmade_enderman":2,"alexsmobs:grizzly_bear":3,"farlanders:looter":1,"specialmobs:creeper":1,"minecraft:player":1,"minecraft:iron_golem":1,"specialmobs:weatheredskeleton":1,"minecraft:giant":3},"minecraft:custom":{"minecraft:interact_with_crafting_table":62,"minecraft:open_barrel":50,"minecraft:eat_cake_slice":4,"minecraft:leave_game":8,"minecraft:time_since_death":8932,"minecraft:sprint_one_cm":472092,"minecraft:damage_blocked_by_shield":530,"minecraft:drop":96,"minecraft:talked_to_villager":6,"minecraft:deaths":14,"minecraft:jump":3312,"minecraft:walk_on_water_one_cm":15687,"minecraft:interact_with_furnace":77,"minecraft:play_one_minute":296581,"minecraft:sleep_in_bed":13,"minecraft:waystone_activated":3,"minecraft:damage_dealt":13707,"minecraft:crouch_one_cm":44841,"tombstone:undead_killed":8,"minecraft:horse_one_cm":6483,"minecraft:mob_kills":65,"minecraft:interact_with_anvil":6,"minecraft:climb_one_cm":18661,"minecraft:walk_one_cm":479185,"minecraft:sneak_time":18956,"minecraft:walk_under_water_one_cm":4403,"minecraft:interact_with_blast_furnace":17,"tombstone:raider_killed":10,"minecraft:interact_with_grindstone":1,"minecraft:time_since_rest":8662,"minecraft:damage_absorbed":80,"minecraft:damage_taken":7315,"minecraft:swim_one_cm":5544,"minecraft:fly_one_cm":644916,"minecraft:open_chest":64,"minecraft:fall_one_cm":80524},"minecraft:broken":{"minecraft:stone_axe":1},"minecraft:crafted":{"minecraft:oak_planks":156,"spartanshields:shield_basic_iron":2,"minecraft:cooked_mutton":16,"minecraft:iron_boots":1,"farlanders:nightfall_sword":1,"spartanshields:shield_basic_wood":2,"sophisticatedbackpacks:backpack":2,"minecraft:cooked_porkchop":7,"minecraft:crafting_table":2,"minecraft:wooden_pickaxe":1,"minecraft:iron_helmet":1,"minecraft:iron_chestplate":1,"minecraft:shield":2,"quark:oak_chest":2,"sophisticatedbackpacks:diamond_backpack":1,"minecraft:stick":112,"minecraft:iron_ingot":128,"minecraft:iron_pickaxe":1,"minecraft:stone_sword":1,"minecraft:gold_ingot":12,"easyhammers:stone_hammer":1,"paraglider:goron_goddess_statue":1,"easyhammers:iron_hammer":3,"minecraft:furnace":3,"minecraft:iron_axe":2,"minecraft:stone_pickaxe":2,"minecraft:dark_oak_planks":96,"sophisticatedbackpacks:iron_backpack":1,"minecraft:cooked_beef":33,"paraglider:paraglider":2,"minecraft:diamond_sword":1,"minecraft:iron_sword":1,"sophisticatedbackpacks:gold_backpack":1,"minecraft:stone_axe":2,"minecraft:bread":20,"minecraft:air":0,"minecraft:golden_apple":3,"minecraft:wooden_axe":1,"minecraft:iron_leggings":1,"minecraft:torch":292},"minecraft:mined":{"minecraft:dark_oak_planks":97,"minecraft:white_bed":3,"duneons:swampfern":2,"minecraft:stone_brick_wall":2,"minecraft:grass_block":8,"minecraft:oak_pressure_plate":2,"minecraft:spawner":3,"minecraft:iron_ore":38,"minecraft:iron_bars":1,"minecraft:light_gray_concrete":2,"cavesandcliffs:deepslate_iron_ore":6,"minecraft:clay":3,"minecraft:cobblestone":15,"minecraft:oak_planks":4,"minecraft:iron_door":2,"minecraft:wall_torch":1,"biomesoplenty:goldenrod":2,"minecraft:wheat":106,"cavesandcliffs:deepslate_diamond_ore":4,"cavesandcliffs:tuff":1,"minecraft:stone_brick_stairs":4,"minecraft:grass":29,"biomesoplenty:clover":1,"minecraft:oak_log":117,"minecraft:dirt":13,"cavesandcliffs:deepslate":8,"minecraft:oak_leaves":715,"farlanders:endumium_ore":2,"minecraft:mossy_cobblestone":1,"minecraft:dark_oak_pressure_plate":2,"minecraft:spruce_fence":2,"minecraft:redstone_wire":1,"minecraft:potted_bamboo":1,"minecraft:redstone_ore":2,"minecraft:furnace":3,"evilcraft:box_of_eternal_closure":2,"treechop:chopped_log":58,"quark:smooth_basalt":3,"minecraft:gold_block":1,"duneons:swamplog":10,"minecraft:bookshelf":8,"minecraft:stone":177,"quark:oak_chest":1,"minecraft:stone_brick_slab":3,"minecraft:dandelion":1,"minecraft:oak_fence":3,"minecraft:crafting_table":7,"minecraft:rose_bush":1,"minecraft:andesite_wall":1,"minecraft:tall_grass":14,"minecraft:lapis_ore":2,"minecraft:spruce_stairs":5,"minecraft:gray_wool":1,"cavesandcliffs:deepslate_coal_ore":2,"minecraft:cobblestone_wall":1,"minecraft:redstone_torch":3,"quark:deepslate":34,"minecraft:grass_path":1,"minecraft:coal_ore":21,"evilcraft:blood_stain":2,"minecraft:gravel":1,"minecraft:gray_carpet":3,"minecraft:cobweb":7,"minecraft:stone_bricks":2,"minecraft:gold_ore":1,"minecraft:fern":1,"paraglider:goddess_statue":1,"quark:root":1},"minecraft:picked_up":{"minecraft:wheat":99,"create:dolomite_cobblestone":3,"minecraft:flower_pot":1,"minecraft:enchanted_book":1,"minecraft:stone_brick_stairs":2,"tombstone:grave_key":1,"paraglider:goddess_statue":1,"minecraft:string":10,"minecraft:dark_oak_pressure_plate":1,"minecraft:iron_leggings":1,"minecraft:armor_stand":3,"minecraft:experience_bottle":1,"minecraft:rose_bush":1,"minecraft:redstone_torch":2,"quark:root_item":1,"easyhammers:stone_hammer":1,"minecraft:iron_boots":1,"minecraft:furnace":3,"minecraft:stick":16,"minecraft:oak_fence":3,"minecraft:torch":7,"minecraft:spruce_stairs":6,"minecraft:porkchop":7,"tombstone:grave_dust":4,"minecraft:andesite_wall":1,"evilcraft:box_of_eternal_closure":2,"minecraft:rotten_flesh":1,"cavesandcliffs:raw_gold":14,"minecraft:cobblestone":778,"minecraft:leather_chestplate":3,"minecraft:iron_door":2,"paraglider:spirit_orb":2,"minecraft:lapis_lazuli":23,"minecraft:dirt":18,"minecraft:name_tag":1,"minecraft:bone":1,"create:copper_ore":3,"minecraft:wheat_seeds":277,"duneons:busherstone":3,"minecraft:bamboo":1,"minecraft:oak_planks":104,"vampirism:ring":1,"minecraft:oak_pressure_plate":2,"dungeons_mobs:diamond_pillager_helmet":1,"minecraft:grass_block":1,"minecraft:mossy_cobblestone":1,"quark:cobbled_deepslate":283,"minecraft:light_gray_concrete":2,"minecraft:diamond":21,"cavesandcliffs:tuff":3,"minecraft:bread":2,"minecraft:emerald":2,"minecraft:oak_sapling":36,"minecraft:crafting_table":7,"minecraft:clay_ball":12,"duneons:swamplog":10,"minecraft:golden_pickaxe":1,"minecraft:leather_leggings":3,"minecraft:stone_brick_wall":1,"minecraft:gold_block":1,"cavesandcliffs:raw_iron":111,"prefab:item_start_house":2,"farlanders:ender_horn":5,"minecraft:item_frame":3,"minecraft:beef":25,"minecraft:poppy":1,"minecraft:light_gray_wool":2,"spartanshields:shield_basic_iron":1,"minecraft:spruce_fence":2,"minecraft:carrot":1,"minecraft:redstone":57,"minecraft:dark_oak_planks":97,"minecraft:arrow":1,"quark:smooth_basalt":36,"prefab:item_moderate_house":1,"minecraft:diamond_boots":3,"minecraft:gold_ingot":1,"minecraft:mutton":23,"minecraft:white_wool":10,"biomesoplenty:goldenrod":4,"minecraft:leather":16,"minecraft:oak_log":112,"minecraft:gunpowder":3,"minecraft:cobblestone_wall":1,"minecraft:stone_bricks":7,"minecraft:apple":1,"minecraft:gray_carpet":2,"minecraft:iron_ingot":78,"minecraft:stone_pickaxe":2,"quark:tallow":7,"minecraft:iron_ore":22,"duneons:swampfern":2,"farlanders:endumium_crystal":2,"minecraft:iron_sword":1,"minecraft:book":24,"cavesandcliffs:cobbled_deepslate":111,"minecraft:stone_brick_slab":3,"minecraft:quartz":1,"minecraft:dandelion":1,"minecraft:gravel":1,"minecraft:white_bed":3,"quark:oak_chest":3,"minecraft:leather_helmet":3,"minecraft:stone_axe":1,"evilcraft:dark_gem":5,"minecraft:gray_wool":1,"minecraft:coal":129},"minecraft:used":{"quark:cobbled_deepslate":43,"minecraft:poppy":1,"minecraft:iron_sword":2,"paraglider:goddess_statue":1,"minecraft:mutton":1,"minecraft:carrot":20,"minecraft:grass_block":1,"minecraft:furnace":5,"easyhammers:stone_hammer":92,"minecraft:stone_pickaxe":120,"minecraft:oak_planks":7,"minecraft:wooden_pickaxe":3,"minecraft:golden_apple":4,"cavesandcliffs:cobbled_deepslate":4,"minecraft:bread":22,"minecraft:oak_pressure_plate":2,"minecraft:diamond_sword":38,"minecraft:air":2,"minecraft:experience_bottle":4,"minecraft:cobweb":8,"cavesandcliffs:axolotl_bucket":1,"minecraft:rose_bush":1,"minecraft:stone_sword":6,"minecraft:torch":102,"minecraft:dirt":1,"minecraft:wooden_axe":28,"minecraft:dark_oak_planks":133,"minecraft:iron_axe":210,"paraglider:goron_goddess_statue":1,"evilcraft:box_of_eternal_closure":2,"alexsmobs:lobster_bucket":1,"tombstone:gift":3,"minecraft:cooked_beef":13,"minecraft:cooked_mutton":16,"minecraft:wheat_seeds":87,"minecraft:water_bucket":7,"minecraft:crafting_table":7,"minecraft:white_bed":3,"minecraft:oak_log":10,"farlanders:nightfall_sword":120,"minecraft:iron_pickaxe":88,"spartanshields:shield_basic_iron":4,"minecraft:stone_axe":118,"easyhammers:iron_hammer":65,"minecraft:cobblestone":173,"minecraft:bucket":9,"quark:oak_chest":3},"minecraft:dropped":{"minecraft:soul_sand":3,"minecraft:oak_log":12,"minecraft:golden_pickaxe":1,"minecraft:diamond":4,"minecraft:crafting_table":1,"minecraft:dark_oak_sapling":4,"minecraft:honeycomb":8,"minecraft:saddle":1,"minecraft:leather_helmet":3,"minecraft:item_frame":3,"prefab:item_start_house":4,"minecraft:bone":1,"minecraft:armor_stand":1,"quark:tallow":4,"minecraft:stone_axe":1,"minecraft:iron_nugget":16,"minecraft:wheat":10,"minecraft:rotten_flesh":1,"minecraft:carrot":1,"easyhammers:iron_hammer":1,"minecraft:leather_chestplate":3,"supplementaries:flax_seeds":5,"create:dolomite_cobblestone":2,"minecraft:stone_brick_wall":1,"minecraft:leather_leggings":3,"farmersdelight:onion_crate":1,"minecraft:iron_bars":3,"minecraft:arrow":1,"minecraft:stone_brick_stairs":2,"minecraft:iron_ingot":1,"minecraft:wheat_seeds":4,"create:copper_ore":2,"minecraft:mossy_cobblestone":1,"easyhammers:stone_hammer":1,"minecraft:cobblestone":11,"minecraft:feather":4,"minecraft:andesite_wall":1,"minecraft:dark_oak_pressure_plate":1,"minecraft:spruce_stairs":6,"mca:book_romance":1,"biomesoplenty:goldenrod":1,"minecraft:torch":1,"tombstone:grave_key":1,"minecraft:iron_door":2,"tombstone:grave_dust":5,"minecraft:dead_bush":1,"minecraft:iron_axe":1,"minecraft:gray_carpet":2,"minecraft:stone_brick_slab":3,"duneons:swampfern":2,"quark:seed_pouch":1,"minecraft:cobblestone_wall":1,"spartanshields:shield_basic_iron":2,"evilcraft:box_of_eternal_closure":1,"minecraft:clay_ball":7,"sophisticatedbackpacks:backpack":1,"minecraft:name_tag":1,"minecraft:light_gray_concrete":2,"quark:smooth_basalt":12,"minecraft:potato":3,"minecraft:shield":1,"cavesandcliffs:raw_gold":2,"minecraft:oak_sapling":5,"minecraft:redstone_torch":2,"minecraft:stone_bricks":7,"minecraft:diamond_boots":1,"minecraft:stone_pickaxe":3},"minecraft:killed":{"vampirism:vampire":2,"farlanders:fanmade_enderman":1,"specialmobs:skeleton":2,"minecraft:pig":4,"alexsmobs:grizzly_bear":2,"farlanders:rebel":2,"dungeons_mobs:wraith":1,"vampirism:hunter":1,"minecraft:sheep":13,"minecraft:pillager":10,"minecraft:donkey":1,"specialmobs:spider":2,"minecraft:cow":10,"specialmobs:deathcreeper":1,"alexsmobs:raccoon":1,"minecraft:horse":4,"specialmobs:zombie":4,"specialmobs:plaguezombie":1,"farlanders:looter":1,"farlanders:ender_golem":1,"alexsmobs:crow":1}},"DataVersion":2586}