{"stats":{"minecraft:killed_by":{"duneons:yellowsunker":1,"farlanders:fanmade_enderman":2,"minecraft:vindicator":2,"minecraft:giant":2},"minecraft:custom":{"minecraft:mob_kills":30,"minecraft:interact_with_anvil":2,"minecraft:animals_bred":2,"minecraft:interact_with_crafting_table":45,"minecraft:open_barrel":7,"goblintraders:trade_with_goblin":40,"minecraft:eat_cake_slice":3,"minecraft:leave_game":7,"minecraft:time_since_death":23276,"minecraft:climb_one_cm":14453,"minecraft:sprint_one_cm":586709,"minecraft:walk_one_cm":256819,"minecraft:damage_blocked_by_shield":1635,"minecraft:drop":59,"minecraft:talked_to_villager":1,"minecraft:deaths":8,"minecraft:sneak_time":5881,"minecraft:walk_under_water_one_cm":15440,"minecraft:jump":3315,"minecraft:walk_on_water_one_cm":15091,"minecraft:interact_with_furnace":19,"tombstone:raider_killed":2,"minecraft:play_one_minute":247688,"minecraft:interact_with_grindstone":1,"minecraft:sleep_in_bed":10,"minecraft:time_since_rest":8209,"minecraft:waystone_activated":4,"minecraft:damage_taken":5856,"tombstone:sneak_grave":2,"minecraft:damage_dealt":8359,"minecraft:player_kills":1,"minecraft:swim_one_cm":12939,"minecraft:fly_one_cm":659493,"minecraft:open_chest":34,"minecraft:crouch_one_cm":13234,"tombstone:undead_killed":11,"minecraft:fall_one_cm":110835,"minecraft:horse_one_cm":14040},"minecraft:crafted":{"minecraft:oak_planks":152,"spartanshields:shield_basic_iron":1,"minecraft:iron_nugget":99,"simpleplanes:plane_workbench":1,"minecraft:furnace":2,"minecraft:stone":18,"minecraft:cooked_mutton":2,"simpleplanes:large_plane":1,"minecraft:iron_boots":1,"minecraft:iron_axe":2,"farlanders:nightfall_sword":1,"simpleplanes:propeller":2,"sophisticatedbackpacks:iron_backpack":1,"minecraft:wheat":288,"spartanshields:shield_basic_wood":1,"minecraft:crafting_table":5,"simpleplanes:furnace_engine":1,"minecraft:iron_helmet":1,"minecraft:iron_sword":1,"minecraft:clock":1,"prefab:block_compressed_stone":2,"sophisticatedbackpacks:gold_backpack":1,"minecraft:gold_block":1,"minecraft:bread":92,"minecraft:air":0,"prefab:item_bundle_of_timber":3,"minecraft:iron_chestplate":1,"minecraft:diamond_pickaxe":1,"minecraft:shield":1,"minecraft:light_weighted_pressure_plate":3,"minecraft:stick":20,"quark:oak_chest":2,"minecraft:iron_ingot":124,"minecraft:iron_pickaxe":2,"minecraft:stone_sword":1,"minecraft:iron_leggings":1,"minecraft:gold_ingot":30,"easyhammers:stone_hammer":1,"prefab:item_moderate_house":1,"minecraft:torch":64,"prefab:item_start_house":1},"minecraft:mined":{"farlanders:endumium_ore":1,"biomesoplenty:watergrass":1,"cavesandcliffs:deepslate_gold_ore":4,"minecraft:cobblestone_stairs":1,"minecraft:obsidian":2,"minecraft:grass_block":12,"minecraft:stone_brick_wall":2,"cavesandcliffs:deepslate_lapis_ore":1,"minecraft:oak_pressure_plate":2,"minecraft:hay_block":37,"minecraft:redstone_ore":1,"minecraft:furnace":2,"minecraft:iron_ore":34,"evilcraft:box_of_eternal_closure":2,"create:copper_ore":1,"treechop:chopped_log":34,"evilcraft:dark_ore":4,"quark:smooth_basalt":2,"minecraft:gold_block":3,"minecraft:bookshelf":7,"duneons:swamplog":2,"iceandfire:gold_pile":3,"minecraft:oak_stairs":1,"cavesandcliffs:deepslate_iron_ore":11,"minecraft:stone":116,"minecraft:stone_brick_slab":1,"minecraft:crafting_table":2,"minecraft:blast_furnace":1,"minecraft:rose_bush":1,"minecraft:tall_grass":5,"minecraft:cobblestone":11,"minecraft:wall_torch":2,"minecraft:spruce_stairs":1,"cavesandcliffs:deepslate_coal_ore":3,"minecraft:wheat":30,"minecraft:yellow_bed":1,"quark:deepslate":45,"cavesandcliffs:copper_ore":1,"minecraft:grass":15,"minecraft:oak_log":58,"minecraft:coal_ore":56,"cavesandcliffs:deepslate_redstone_ore":10,"minecraft:dirt":17,"minecraft:cobweb":22,"cavesandcliffs:deepslate":23,"minecraft:acacia_planks":1,"cavesandcliffs:cobbled_deepslate":2,"minecraft:gold_ore":2,"minecraft:oak_leaves":706,"paraglider:goddess_statue":1},"minecraft:picked_up":{"minecraft:crafting_table":3,"minecraft:wheat":64,"create:dolomite_cobblestone":2,"duneons:swamplog":2,"minecraft:oak_stairs":1,"minecraft:gold_block":3,"cavesandcliffs:raw_iron":153,"paraglider:goddess_statue":2,"minecraft:string":27,"minecraft:iron_axe":3,"prefab:item_start_house":2,"farlanders:ender_horn":6,"minecraft:item_frame":5,"minecraft:gold_nugget":21,"minecraft:beef":8,"minecraft:redstone_torch":1,"minecraft:rose_bush":1,"minecraft:iron_nugget":16,"minecraft:iron_pickaxe":1,"quark:root_item":5,"minecraft:furnace":2,"minecraft:stick":26,"minecraft:torch":3,"iceandfire:silver_ore":8,"sophisticatedbackpacks:backpack":1,"minecraft:redstone":227,"cavesandcliffs:smooth_basalt":6,"evilcraft:box_of_eternal_closure":3,"minecraft:arrow":5,"minecraft:rotten_flesh":13,"quark:smooth_basalt":22,"cavesandcliffs:raw_gold":21,"minecraft:diamond_boots":1,"minecraft:hay_block":37,"minecraft:saddle":2,"minecraft:obsidian":2,"minecraft:mutton":3,"minecraft:cobblestone":816,"minecraft:white_wool":1,"minecraft:cooked_beef":1,"minecraft:leather":3,"minecraft:golden_leggings":1,"easyhammers:iron_hammer":1,"paraglider:spirit_orb":4,"minecraft:oak_log":68,"minecraft:yellow_bed":1,"minecraft:gunpowder":2,"minecraft:cobblestone_stairs":1,"minecraft:lapis_lazuli":36,"minecraft:dirt":45,"minecraft:paper":1,"minecraft:lantern":2,"minecraft:name_tag":1,"minecraft:cooked_mutton":1,"minecraft:bone":3,"minecraft:acacia_planks":1,"create:copper_ore":2,"minecraft:apple":3,"minecraft:wheat_seeds":147,"cavesandcliffs:raw_copper":20,"minecraft:stone_pickaxe":1,"minecraft:iron_ingot":1,"farlanders:endumium_crystal":1,"minecraft:book":21,"cavesandcliffs:cobbled_deepslate":200,"minecraft:stone_brick_slab":1,"minecraft:oak_pressure_plate":2,"minecraft:blast_furnace":1,"quark:cobbled_deepslate":469,"minecraft:diamond":8,"minecraft:stone_axe":1,"waystones:waystone":4,"cavesandcliffs:tuff":24,"evilcraft:dark_gem":58,"minecraft:crossbow":1,"simpleplanes:large_plane":13,"minecraft:bread":1,"minecraft:oak_sapling":31,"minecraft:coal":295},"minecraft:used":{"minecraft:stone_sword":3,"minecraft:iron_sword":19,"minecraft:torch":23,"minecraft:dirt":1,"minecraft:iron_axe":20,"evilcraft:box_of_eternal_closure":2,"minecraft:item_frame":5,"minecraft:furnace":2,"minecraft:oak_sapling":2,"tombstone:gift":4,"minecraft:acacia_planks":1,"minecraft:cooked_mutton":3,"minecraft:water_bucket":4,"easyhammers:stone_hammer":84,"minecraft:stone_pickaxe":33,"minecraft:oak_planks":3,"cavesandcliffs:cobbled_deepslate":75,"farmersdelight:onion":6,"minecraft:crafting_table":5,"waystones:waystone":3,"minecraft:diamond_pickaxe":3,"farlanders:nightfall_sword":119,"minecraft:bread":69,"minecraft:iron_pickaxe":41,"tombstone:grave_key":1,"simpleplanes:large_plane":13,"simpleplanes:plane_workbench":1,"spartanshields:shield_basic_iron":36,"minecraft:stone_axe":51,"easyhammers:iron_hammer":206,"minecraft:cobblestone":118,"minecraft:bucket":5,"cavesandcliffs:tuff":12},"minecraft:dropped":{"minecraft:bread":5,"create:copper_ore":2,"minecraft:diamond":6,"prefab:item_moderate_house":1,"minecraft:coal":65,"minecraft:dirt":6,"cavesandcliffs:raw_copper":2,"tombstone:grave_key":1,"minecraft:mutton":1,"tombstone:grave_dust":1,"minecraft:iron_leggings":1,"minecraft:iron_axe":2,"minecraft:iron_pickaxe":1,"minecraft:string":4,"quark:oak_chest":2,"cavesandcliffs:tuff":12,"minecraft:gold_ingot":1,"minecraft:stone_axe":1,"quark:root_item":5,"minecraft:stone_sword":1,"paraglider:goddess_statue":1,"cavesandcliffs:smooth_basalt":6,"minecraft:iron_boots":1,"minecraft:oak_planks":61,"iceandfire:silver_ore":8,"minecraft:name_tag":1,"farlanders:ender_horn":2,"quark:smooth_basalt":22,"minecraft:shield":1,"create:dolomite_cobblestone":2,"duneons:swamplog":1,"minecraft:oak_sapling":9,"minecraft:stone_pickaxe":1},"minecraft:killed":{"vampirism:vampire":1,"minecraft:giant":1,"specialmobs:huskzombie":2,"specialmobs:skeleton":1,"specialmobs:zombie":4,"minecraft:iron_golem":1,"farlanders:ender_golem":3,"minecraft:sheep":1,"minecraft:pillager":2,"specialmobs:creeper":1,"dungeons_mobs:necromancer":1,"specialmobs:weatheredskeleton":2,"specialmobs:giantzombie":1,"specialmobs:spider":4,"minecraft:cow":3,"specialmobs:deathcreeper":1}},"DataVersion":2586}