{"stats":{"minecraft:killed_by":{"duneons:yellowsunker":1,"farlanders:fanmade_enderman":2,"minecraft:vindicator":2,"specialmobs:creeper":1,"minecraft:vex":2,"minecraft:player":5,"vampirism:advanced_hunter":1,"evilcraft:vengeance_spirit":3,"minecraft:giant":2},"minecraft:custom":{"minecraft:animals_bred":2,"minecraft:interact_with_crafting_table":48,"minecraft:open_barrel":20,"goblintraders:trade_with_goblin":40,"minecraft:eat_cake_slice":3,"minecraft:leave_game":13,"minecraft:time_since_death":5578,"minecraft:sprint_one_cm":782153,"minecraft:damage_blocked_by_shield":3620,"minecraft:drop":59,"minecraft:talked_to_villager":2,"minecraft:deaths":22,"minecraft:jump":4234,"minecraft:walk_on_water_one_cm":17079,"minecraft:interact_with_furnace":19,"minecraft:play_one_minute":319596,"minecraft:sleep_in_bed":10,"minecraft:waystone_activated":4,"tombstone:sneak_grave":5,"minecraft:damage_dealt":13298,"minecraft:player_kills":2,"minecraft:crouch_one_cm":26752,"tombstone:undead_killed":16,"minecraft:horse_one_cm":14040,"minecraft:inspect_dropper":1,"minecraft:mob_kills":56,"minecraft:interact_with_anvil":2,"minecraft:climb_one_cm":15188,"minecraft:walk_one_cm":354716,"minecraft:damage_dealt_absorbed":240,"minecraft:sneak_time":9524,"minecraft:walk_under_water_one_cm":17741,"tombstone:raider_killed":9,"minecraft:interact_with_grindstone":1,"minecraft:time_since_rest":4355,"minecraft:damage_taken":11940,"minecraft:damage_absorbed":78,"minecraft:swim_one_cm":12939,"minecraft:fly_one_cm":856493,"minecraft:open_chest":53,"minecraft:fall_one_cm":142276},"minecraft:broken":{"minecraft:iron_helmet":1},"minecraft:crafted":{"minecraft:oak_planks":152,"spartanshields:shield_basic_iron":1,"minecraft:stone":18,"minecraft:cooked_mutton":2,"minecraft:iron_boots":1,"simpleplanes:large_plane":1,"farlanders:nightfall_sword":1,"spartanshields:shield_basic_wood":1,"minecraft:crafting_table":5,"minecraft:iron_helmet":1,"minecraft:clock":1,"prefab:block_compressed_stone":2,"minecraft:gold_block":1,"minecraft:iron_chestplate":1,"minecraft:diamond_pickaxe":1,"minecraft:shield":1,"sophisticatedbackpacks:diamond_backpack":1,"minecraft:light_weighted_pressure_plate":3,"minecraft:stick":20,"quark:oak_chest":2,"minecraft:iron_pickaxe":2,"minecraft:iron_ingot":124,"minecraft:stone_sword":1,"minecraft:gold_ingot":30,"easyhammers:stone_hammer":1,"prefab:item_moderate_house":1,"minecraft:iron_nugget":99,"simpleplanes:plane_workbench":1,"minecraft:furnace":2,"minecraft:iron_axe":2,"simpleplanes:propeller":2,"minecraft:wheat":288,"sophisticatedbackpacks:iron_backpack":1,"simpleplanes:furnace_engine":1,"minecraft:iron_sword":1,"sophisticatedbackpacks:gold_backpack":1,"minecraft:bread":128,"minecraft:air":0,"prefab:item_bundle_of_timber":3,"minecraft:iron_leggings":1,"minecraft:torch":64,"prefab:item_start_house":1},"minecraft:mined":{"quark:dark_oak_bookshelf":10,"minecraft:cobblestone_stairs":1,"minecraft:brewing_stand":2,"minecraft:obsidian":2,"minecraft:spruce_trapdoor":1,"minecraft:acacia_log":1,"minecraft:grass_block":13,"minecraft:stone_brick_wall":2,"cavesandcliffs:deepslate_lapis_ore":1,"duneons:bamboobiggrass":1,"minecraft:oak_pressure_plate":2,"minecraft:spawner":1,"minecraft:iron_ore":34,"minecraft:fire":5,"minecraft:barrel":23,"create:copper_ore":1,"iceandfire:gold_pile":3,"minecraft:oak_stairs":1,"minecraft:light_gray_concrete":2,"cavesandcliffs:deepslate_iron_ore":11,"minecraft:spruce_slab":1,"minecraft:blast_furnace":1,"minecraft:cobblestone":12,"minecraft:wall_torch":2,"create:polished_weathered_limestone_stairs":1,"minecraft:wheat":30,"duneons:creeperwoodstallgrass":1,"cavesandcliffs:copper_ore":1,"quark:gravisand":1,"minecraft:grass":19,"minecraft:oak_log":65,"cavesandcliffs:deepslate_redstone_ore":10,"minecraft:dirt":17,"cavesandcliffs:deepslate":23,"cavesandcliffs:cobbled_deepslate":11,"minecraft:oak_leaves":763,"farlanders:endumium_ore":1,"biomesoplenty:watergrass":1,"cavesandcliffs:deepslate_gold_ore":4,"minecraft:hay_block":37,"duneons:bambootall":1,"minecraft:redstone_ore":1,"minecraft:furnace":2,"evilcraft:box_of_eternal_closure":2,"treechop:chopped_log":40,"evilcraft:dark_ore":4,"quark:smooth_basalt":2,"minecraft:gold_block":3,"minecraft:bookshelf":7,"quark:nether_wart_sack":1,"duneons:swamplog":2,"minecraft:stone":117,"quark:dark_oak_chest":2,"minecraft:stone_brick_slab":1,"quark:spruce_bookshelf":1,"minecraft:crafting_table":3,"cavesandcliffs:raw_gold_block":1,"minecraft:rose_bush":1,"minecraft:tall_grass":5,"supplementaries:cage":7,"minecraft:spruce_stairs":1,"minecraft:gray_wool":1,"cavesandcliffs:deepslate_coal_ore":3,"minecraft:yellow_bed":1,"quark:deepslate":45,"minecraft:coal_ore":56,"minecraft:gray_carpet":10,"minecraft:cobweb":22,"minecraft:acacia_planks":1,"minecraft:gold_ore":2,"paraglider:goddess_statue":1},"minecraft:picked_up":{"minecraft:wheat":148,"create:dolomite_cobblestone":2,"minecraft:oak_stairs":1,"minecraft:potion":14,"minecraft:brewing_stand":2,"paraglider:goddess_statue":2,"minecraft:string":30,"quark:iron_plate":1,"minecraft:experience_bottle":15,"minecraft:gold_nugget":21,"minecraft:redstone_torch":1,"minecraft:rose_bush":1,"quark:root_item":5,"minecraft:iron_pickaxe":1,"minecraft:furnace":2,"minecraft:stick":28,"minecraft:torch":4,"minecraft:acacia_log":1,"iceandfire:silver_ore":8,"quark:nether_wart_sack":5,"alexsmobs:lobster_bucket":1,"cavesandcliffs:smooth_basalt":6,"evilcraft:box_of_eternal_closure":3,"minecraft:rotten_flesh":17,"cavesandcliffs:raw_gold":21,"minecraft:obsidian":2,"minecraft:iron_bars":7,"minecraft:cobblestone":820,"paraglider:paraglider":1,"minecraft:cooked_beef":1,"minecraft:andesite":1,"minecraft:golden_leggings":1,"easyhammers:iron_hammer":1,"paraglider:spirit_orb":8,"cavesandcliffs:amethyst_shard":3,"minecraft:lapis_lazuli":36,"minecraft:dirt":64,"minecraft:lantern":2,"minecraft:name_tag":1,"minecraft:bone":3,"minecraft:acacia_planks":1,"create:copper_ore":2,"minecraft:wheat_seeds":288,"cavesandcliffs:raw_copper":20,"duneons:telescope":1,"minecraft:warped_wart_block":28,"minecraft:oak_pressure_plate":2,"duneons:diamondpickaxedungeon":1,"dungeons_mobs:gold_pillager_helmet":1,"minecraft:grass_block":1,"quark:gravisand":1,"minecraft:barrel":19,"quark:blue_nether_bricks":15,"quark:cobbled_deepslate":469,"duneons:hoglinskull":2,"minecraft:diamond":16,"cavesandcliffs:tuff":24,"waystones:waystone":4,"minecraft:crossbow":1,"simpleplanes:large_plane":15,"minecraft:bread":1,"minecraft:emerald":4,"minecraft:oak_sapling":33,"minecraft:crafting_table":4,"minecraft:splash_potion":2,"minecraft:nether_wart":6,"duneons:swamplog":2,"minecraft:brown_mushroom":9,"cavesandcliffs:raw_iron":153,"minecraft:gold_block":3,"minecraft:chain":6,"quark:dark_oak_chest":2,"minecraft:iron_axe":3,"prefab:item_start_house":2,"minecraft:item_frame":5,"farlanders:ender_horn":6,"minecraft:beef":8,"minecraft:iron_nugget":16,"minecraft:poppy":8,"minecraft:spruce_slab":5,"supplementaries:cage":7,"minecraft:spruce_trapdoor":1,"minecraft:stone":27,"create:polished_weathered_limestone_stairs":1,"sophisticatedbackpacks:backpack":1,"duneons:stormhammer":1,"minecraft:redstone":227,"minecraft:arrow":7,"quark:smooth_basalt":22,"minecraft:diamond_boots":1,"minecraft:hay_block":37,"minecraft:saddle":2,"minecraft:gold_ingot":6,"minecraft:totem_of_undying":6,"minecraft:mutton":3,"minecraft:white_wool":1,"minecraft:leather":3,"minecraft:red_mushroom":8,"quark:cyan_shingles":1,"minecraft:oak_log":74,"minecraft:yellow_bed":1,"minecraft:nether_wart_block":34,"minecraft:gunpowder":2,"minecraft:cobblestone_stairs":1,"minecraft:paper":1,"minecraft:cooked_mutton":1,"minecraft:gray_carpet":14,"minecraft:apple":3,"minecraft:stone_bricks":1,"minecraft:iron_ingot":1,"minecraft:stone_pickaxe":1,"farlanders:endumium_crystal":1,"create:crushed_zinc_ore":6,"minecraft:glass_bottle":35,"minecraft:book":54,"cavesandcliffs:cobbled_deepslate":214,"minecraft:stone_brick_slab":1,"minecraft:dandelion":4,"minecraft:blast_furnace":1,"minecraft:slime_ball":3,"minecraft:stone_axe":1,"evilcraft:dark_gem":58,"create:rose_quartz":2,"cavesandcliffs:axolotl_bucket":1,"minecraft:coal":295},"minecraft:dropped":{"minecraft:diamond":6,"prefab:item_moderate_house":1,"minecraft:dirt":6,"cavesandcliffs:raw_copper":2,"minecraft:mutton":1,"minecraft:iron_pickaxe":1,"quark:oak_chest":2,"minecraft:gold_ingot":1,"minecraft:stone_axe":1,"quark:root_item":5,"cavesandcliffs:smooth_basalt":6,"paraglider:goddess_statue":1,"minecraft:oak_planks":61,"farlanders:ender_horn":2,"create:dolomite_cobblestone":2,"minecraft:bread":5,"create:copper_ore":2,"minecraft:coal":65,"tombstone:grave_key":1,"tombstone:grave_dust":1,"minecraft:iron_leggings":1,"minecraft:iron_axe":2,"minecraft:string":4,"cavesandcliffs:tuff":12,"minecraft:stone_sword":1,"iceandfire:silver_ore":8,"minecraft:iron_boots":1,"minecraft:name_tag":1,"quark:smooth_basalt":22,"minecraft:shield":1,"duneons:swamplog":1,"minecraft:oak_sapling":9,"minecraft:stone_pickaxe":1},"minecraft:used":{"duneons:stormhammer":113,"minecraft:iron_sword":19,"minecraft:item_frame":5,"minecraft:furnace":2,"minecraft:oak_sapling":2,"easyhammers:stone_hammer":84,"minecraft:stone_pickaxe":33,"minecraft:oak_planks":3,"cavesandcliffs:cobbled_deepslate":231,"duneons:diamondpickaxedungeon":2,"waystones:waystone":3,"minecraft:bread":98,"tombstone:grave_key":5,"simpleplanes:plane_workbench":1,"simpleplanes:large_plane":16,"minecraft:air":2,"cavesandcliffs:tuff":12,"minecraft:experience_bottle":16,"minecraft:stone_sword":3,"minecraft:acacia_log":1,"minecraft:torch":23,"minecraft:dirt":14,"minecraft:iron_axe":20,"evilcraft:box_of_eternal_closure":2,"minecraft:totem_of_undying":1,"duneons:telescope":1,"tombstone:gift":5,"minecraft:cooked_beef":1,"minecraft:acacia_planks":1,"minecraft:cooked_mutton":3,"minecraft:water_bucket":4,"farmersdelight:onion":6,"minecraft:crafting_table":7,"minecraft:diamond_pickaxe":3,"supplementaries:cage":6,"farlanders:nightfall_sword":172,"minecraft:iron_pickaxe":66,"spartanshields:shield_basic_iron":62,"minecraft:stone_axe":51,"easyhammers:iron_hammer":208,"minecraft:cobblestone":118,"minecraft:bucket":5},"minecraft:killed":{"vampirism:vampire":2,"specialmobs:slime":1,"specialmobs:skeleton":2,"specialmobs:firespider":1,"minecraft:iron_golem":1,"vampirism:hunter":2,"minecraft:sheep":1,"minecraft:pillager":5,"specialmobs:giantzombie":1,"specialmobs:spider":4,"minecraft:cow":6,"specialmobs:deathcreeper":1,"minecraft:evoker":3,"minecraft:giant":1,"minecraft:vindicator":1,"specialmobs:huskzombie":2,"minecraft:zoglin":1,"specialmobs:zombie":6,"specialmobs:grapeslime":1,"farlanders:ender_golem":3,"specialmobs:creeper":2,"specialmobs:fireskeleton":1,"dungeons_mobs:necromancer":1,"specialmobs:weatheredskeleton":2}},"DataVersion":2586}