{"stats":{"minecraft:crafted":{"minecraft:oak_planks":152,"spartanshields:shield_basic_iron":1,"minecraft:iron_nugget":99,"minecraft:furnace":2,"minecraft:stone":18,"minecraft:cooked_mutton":2,"minecraft:iron_boots":1,"minecraft:iron_axe":1,"farlanders:nightfall_sword":1,"sophisticatedbackpacks:iron_backpack":1,"minecraft:wheat":288,"spartanshields:shield_basic_wood":1,"minecraft:crafting_table":3,"minecraft:iron_helmet":1,"minecraft:iron_sword":1,"minecraft:clock":1,"sophisticatedbackpacks:gold_backpack":1,"prefab:block_compressed_stone":2,"minecraft:bread":61,"minecraft:air":0,"prefab:item_bundle_of_timber":3,"minecraft:iron_chestplate":1,"minecraft:shield":1,"minecraft:stick":20,"quark:oak_chest":2,"minecraft:iron_ingot":124,"minecraft:iron_pickaxe":1,"minecraft:stone_sword":1,"minecraft:gold_ingot":30,"minecraft:iron_leggings":1,"easyhammers:stone_hammer":1,"prefab:item_moderate_house":1,"minecraft:torch":64,"prefab:item_start_house":1},"minecraft:killed":{"vampirism:vampire":1,"specialmobs:huskzombie":1,"specialmobs:skeleton":1,"specialmobs:zombie":3,"minecraft:iron_golem":1,"farlanders:ender_golem":3,"minecraft:sheep":1,"specialmobs:creeper":1,"specialmobs:weatheredskeleton":1,"specialmobs:spider":3,"specialmobs:deathcreeper":1},"minecraft:used":{"minecraft:stone_sword":3,"minecraft:iron_sword":19,"minecraft:torch":15,"minecraft:iron_axe":8,"minecraft:item_frame":5,"minecraft:oak_sapling":2,"minecraft:furnace":2,"tombstone:gift":2,"minecraft:acacia_planks":1,"minecraft:cooked_mutton":3,"easyhammers:stone_hammer":84,"minecraft:stone_pickaxe":33,"minecraft:oak_planks":3,"minecraft:crafting_table":4,"farlanders:nightfall_sword":45,"minecraft:bread":36,"minecraft:iron_pickaxe":3,"spartanshields:shield_basic_iron":8,"minecraft:stone_axe":51,"easyhammers:iron_hammer":201,"minecraft:cobblestone":74,"cavesandcliffs:tuff":12},"minecraft:dropped":{"create:copper_ore":2,"minecraft:diamond":6,"prefab:item_moderate_house":1,"minecraft:coal":65,"minecraft:dirt":6,"cavesandcliffs:raw_copper":2,"tombstone:grave_dust":1,"minecraft:string":4,"quark:oak_chest":2,"cavesandcliffs:tuff":12,"minecraft:stone_axe":1,"quark:root_item":5,"minecraft:stone_sword":1,"cavesandcliffs:smooth_basalt":6,"iceandfire:silver_ore":8,"minecraft:oak_planks":61,"farlanders:ender_horn":2,"quark:smooth_basalt":22,"minecraft:shield":1,"create:dolomite_cobblestone":2,"duneons:swamplog":1,"minecraft:oak_sapling":9,"minecraft:stone_pickaxe":1},"minecraft:mined":{"farlanders:endumium_ore":1,"cavesandcliffs:deepslate_gold_ore":4,"cavesandcliffs:deepslate_lapis_ore":1,"minecraft:oak_pressure_plate":2,"minecraft:hay_block":37,"minecraft:redstone_ore":1,"minecraft:furnace":2,"minecraft:iron_ore":34,"create:copper_ore":1,"treechop:chopped_log":34,"evilcraft:dark_ore":4,"quark:smooth_basalt":2,"duneons:swamplog":2,"iceandfire:gold_pile":3,"cavesandcliffs:deepslate_iron_ore":11,"minecraft:stone":98,"minecraft:crafting_table":1,"minecraft:rose_bush":1,"minecraft:tall_grass":2,"minecraft:cobblestone":6,"minecraft:wall_torch":2,"cavesandcliffs:deepslate_coal_ore":3,"minecraft:wheat":29,"minecraft:yellow_bed":1,"quark:deepslate":45,"cavesandcliffs:copper_ore":1,"minecraft:grass":14,"minecraft:coal_ore":56,"minecraft:oak_log":56,"cavesandcliffs:deepslate_redstone_ore":10,"minecraft:dirt":7,"minecraft:cobweb":3,"cavesandcliffs:deepslate":23,"minecraft:acacia_planks":1,"minecraft:gold_ore":2,"minecraft:oak_leaves":705},"minecraft:custom":{"minecraft:interact_with_anvil":1,"minecraft:mob_kills":17,"minecraft:animals_bred":2,"minecraft:interact_with_crafting_table":35,"minecraft:open_barrel":1,"goblintraders:trade_with_goblin":40,"minecraft:leave_game":6,"minecraft:time_since_death":75212,"minecraft:climb_one_cm":13642,"minecraft:sprint_one_cm":327440,"minecraft:walk_one_cm":151553,"minecraft:damage_blocked_by_shield":325,"minecraft:drop":44,"minecraft:deaths":1,"minecraft:sneak_time":3188,"minecraft:walk_under_water_one_cm":3922,"minecraft:jump":1935,"minecraft:walk_on_water_one_cm":9034,"minecraft:interact_with_furnace":19,"minecraft:play_one_minute":154902,"minecraft:interact_with_grindstone":1,"minecraft:sleep_in_bed":8,"minecraft:time_since_rest":8784,"minecraft:waystone_activated":1,"minecraft:damage_taken":1868,"tombstone:sneak_grave":1,"minecraft:damage_dealt":5180,"minecraft:swim_one_cm":6941,"minecraft:fly_one_cm":357948,"minecraft:open_chest":17,"minecraft:crouch_one_cm":6486,"tombstone:undead_killed":6,"minecraft:fall_one_cm":62851},"minecraft:picked_up":{"minecraft:crafting_table":2,"minecraft:wheat":64,"create:dolomite_cobblestone":2,"duneons:swamplog":2,"cavesandcliffs:raw_iron":153,"minecraft:string":4,"prefab:item_start_house":2,"farlanders:ender_horn":6,"minecraft:item_frame":1,"minecraft:gold_nugget":21,"minecraft:rose_bush":1,"quark:root_item":5,"minecraft:furnace":2,"minecraft:stick":19,"minecraft:torch":2,"iceandfire:silver_ore":8,"sophisticatedbackpacks:backpack":1,"minecraft:redstone":227,"cavesandcliffs:smooth_basalt":6,"minecraft:arrow":4,"minecraft:rotten_flesh":4,"cavesandcliffs:raw_gold":21,"quark:smooth_basalt":22,"minecraft:hay_block":37,"minecraft:mutton":3,"minecraft:cobblestone":772,"minecraft:white_wool":1,"easyhammers:iron_hammer":1,"minecraft:oak_log":66,"minecraft:yellow_bed":1,"minecraft:gunpowder":2,"minecraft:lapis_lazuli":36,"minecraft:dirt":25,"minecraft:cooked_mutton":1,"minecraft:bone":2,"minecraft:acacia_planks":1,"create:copper_ore":2,"minecraft:apple":2,"minecraft:wheat_seeds":145,"cavesandcliffs:raw_copper":20,"minecraft:stone_pickaxe":1,"minecraft:iron_ingot":1,"farlanders:endumium_crystal":1,"cavesandcliffs:cobbled_deepslate":198,"minecraft:oak_pressure_plate":2,"quark:cobbled_deepslate":469,"minecraft:diamond":8,"minecraft:stone_axe":1,"cavesandcliffs:tuff":24,"evilcraft:dark_gem":58,"minecraft:bread":1,"minecraft:oak_sapling":31,"minecraft:coal":295}},"DataVersion":2586}