{"stats":{"minecraft:picked_up":{"minecraft:wheat":233,"create:dolomite_cobblestone":2,"minecraft:anvil":1,"minecraft:lead":1,"minecraft:oak_stairs":1,"minecraft:potion":14,"minecraft:enchanted_book":13,"minecraft:crimson_planks":1,"minecraft:brewing_stand":4,"paraglider:goddess_statue":2,"minecraft:string":42,"quark:iron_plate":2,"create:piston_extension_pole":1,"minecraft:experience_bottle":15,"minecraft:oak_sign":1,"minecraft:gold_nugget":21,"minecraft:spruce_planks":6,"minecraft:rose_bush":1,"minecraft:redstone_torch":1,"minecraft:written_book":1,"quark:root_item":5,"minecraft:iron_pickaxe":1,"elevatorid:elevator_blue":1,"minecraft:iron_boots":1,"minecraft:furnace":3,"minecraft:stick":58,"minecraft:torch":5,"minecraft:acacia_log":1,"iceandfire:silver_ore":8,"quark:nether_wart_sack":5,"alexsmobs:lobster_bucket":1,"tombstone:grave_dust":2,"cavesandcliffs:smooth_basalt":6,"create:weathered_limestone_bricks":1,"evilcraft:box_of_eternal_closure":3,"minecraft:rotten_flesh":31,"cavesandcliffs:raw_gold":21,"minecraft:obsidian":6,"minecraft:iron_bars":9,"minecraft:cobblestone":925,"paraglider:paraglider":1,"minecraft:cooked_beef":2,"minecraft:andesite":1,"minecraft:jungle_log":5,"minecraft:golden_leggings":1,"easyhammers:iron_hammer":1,"minecraft:potato":1,"paraglider:spirit_orb":16,"cavesandcliffs:amethyst_shard":3,"evilcraft:flesh_humanoid":1,"minecraft:lantern":2,"minecraft:lapis_lazuli":36,"minecraft:dirt":578,"tombstone:familiar_receptacle":1,"minecraft:name_tag":1,"quark:crimson_bookshelf":16,"minecraft:bone":9,"minecraft:acacia_planks":1,"create:copper_ore":2,"supplementaries:goblet":1,"minecraft:wheat_seeds":448,"cavesandcliffs:raw_copper":22,"minecraft:dark_oak_sign":2,"minecraft:oak_planks":48,"duneons:telescope":1,"minecraft:warped_wart_block":28,"minecraft:oak_pressure_plate":2,"quark:dark_oak_ladder":1,"dungeons_mobs:gold_pillager_helmet":1,"duneons:diamondpickaxedungeon":1,"minecraft:grass_block":1,"minecraft:dark_oak_log":148,"quark:gravisand":3,"minecraft:barrel":19,"quark:blue_nether_bricks":15,"quark:cobbled_deepslate":472,"minecraft:light_gray_terracotta":15,"duneons:hoglinskull":2,"minecraft:diamond":16,"quark:crimson_ladder":4,"waystones:waystone":4,"cavesandcliffs:tuff":24,"minecraft:crossbow":3,"simpleplanes:large_plane":16,"minecraft:golden_apple":2,"minecraft:emerald":4,"minecraft:spruce_sign":3,"minecraft:bread":1,"minecraft:oak_sapling":39,"minecraft:crafting_table":4,"minecraft:splash_potion":2,"minecraft:nether_wart":9,"duneons:swamplog":2,"minecraft:brown_mushroom":11,"minecraft:gold_block":10,"cavesandcliffs:raw_iron":153,"minecraft:chain":6,"quark:dark_oak_chest":2,"minecraft:wooden_sword":1,"minecraft:iron_axe":3,"prefab:item_start_house":2,"evilcraft:poison_sac":1,"farlanders:ender_horn":6,"minecraft:item_frame":5,"minecraft:cartography_table":4,"minecraft:beef":9,"spartanshields:shield_basic_diamond":1,"quark:gray_framed_glass_pane":2,"minecraft:iron_nugget":16,"minecraft:poppy":8,"minecraft:spruce_slab":5,"supplementaries:cage":8,"minecraft:chest":1,"minecraft:spruce_trapdoor":1,"minecraft:dark_oak_sapling":16,"minecraft:stone":27,"create:polished_weathered_limestone_stairs":1,"sophisticatedbackpacks:backpack":1,"minecraft:redstone":450,"duneons:stormhammer":1,"duneons:troomgoldblock":1,"quark:black_framed_glass_pane":1,"minecraft:dark_oak_planks":1,"minecraft:arrow":11,"quark:smooth_basalt":30,"minecraft:diamond_boots":1,"minecraft:hay_block":37,"minecraft:totem_of_undying":7,"minecraft:saddle":2,"minecraft:gold_ingot":6,"duneons:oaktotem":1,"minecraft:mutton":3,"minecraft:white_wool":1,"minecraft:leather":23,"minecraft:red_mushroom":8,"quark:cyan_shingles":1,"minecraft:oak_log":113,"minecraft:yellow_bed":1,"minecraft:nether_wart_block":34,"minecraft:gunpowder":5,"minecraft:cobblestone_stairs":1,"minecraft:paper":1,"minecraft:cooked_mutton":1,"minecraft:stone_bricks":9,"minecraft:apple":5,"minecraft:gray_carpet":105,"minecraft:iron_ingot":1,"minecraft:stone_pickaxe":1,"portablemobs:master_capture_cell":3,"farlanders:endumium_crystal":1,"create:crushed_zinc_ore":6,"minecraft:glass_bottle":35,"minecraft:iron_sword":1,"minecraft:dark_oak_stairs":1,"minecraft:book":113,"farlanders:nightfall_sword":1,"cavesandcliffs:cobbled_deepslate":214,"minecraft:emerald_block":4,"minecraft:stone_brick_slab":1,"quark:glass_item_frame":2,"minecraft:dandelion":4,"minecraft:blast_furnace":1,"minecraft:spruce_log":2,"minecraft:spider_eye":1,"minecraft:dried_kelp_block":3,"minecraft:slime_ball":3,"minecraft:stone_axe":1,"evilcraft:dark_gem":58,"duneons:venom":2,"create:rose_quartz":2,"tombstone:magic_scroll":1,"cavesandcliffs:axolotl_bucket":1,"minecraft:coal":332},"minecraft:used":{"duneons:stormhammer":277,"quark:cobbled_deepslate":3,"minecraft:oak_sign":23,"minecraft:chest":31,"minecraft:iron_sword":40,"supplementaries:goblet":1,"supplementaries:candy":5,"minecraft:stone_bricks":33,"minecraft:item_frame":5,"minecraft:bow":1,"minecraft:written_book":1,"minecraft:oak_sapling":2,"minecraft:furnace":8,"minecraft:gold_block":7,"easyhammers:stone_hammer":84,"minecraft:stone_pickaxe":33,"minecraft:gray_carpet":13,"minecraft:oak_planks":3,"vampirism:human_heart":1,"extrabows:golden_bow":1,"alexsmobs:spawn_egg_capuchin_monkey":2,"cavesandcliffs:cobbled_deepslate":231,"minecraft:light_gray_terracotta":3,"duneons:diamondpickaxedungeon":6,"waystones:waystone":3,"duneons:venom":54,"minecraft:bread":175,"tombstone:grave_key":14,"minecraft:cut_red_sandstone":2,"simpleplanes:plane_workbench":1,"simpleplanes:large_plane":17,"minecraft:air":3,"cavesandcliffs:tuff":12,"minecraft:experience_bottle":52,"minecraft:stone_sword":3,"minecraft:acacia_log":1,"minecraft:spruce_planks":3,"minecraft:torch":23,"easyhammers:emerald_hammer":9,"minecraft:dirt":24,"alexsmobs:moose_ribs":1,"elevatorid:elevator_blue":1,"minecraft:stone_brick_slab":17,"minecraft:iron_axe":20,"carryon:entity_item":7,"evilcraft:box_of_eternal_closure":2,"minecraft:totem_of_undying":1,"supplementaries:pancake":10,"alexsmobs:lobster_bucket":1,"duneons:telescope":1,"tombstone:gift":5,"minecraft:cooked_beef":3,"minecraft:acacia_planks":1,"minecraft:cooked_mutton":3,"minecraft:water_bucket":4,"extrabows:diamond_bow":14,"farmersdelight:onion":6,"minecraft:crafting_table":7,"quark:glass_item_frame":1,"minecraft:diamond_pickaxe":3,"minecraft:apple":2,"supplementaries:cage":14,"farlanders:nightfall_sword":231,"minecraft:iron_pickaxe":130,"spartanshields:shield_basic_iron":63,"minecraft:stone_axe":51,"easyhammers:iron_hammer":219,"minecraft:cobblestone":131,"minecraft:potion":1,"minecraft:bucket":6,"quark:oak_chest":9,"alexsmobs:animal_dictionary":11,"quark:crimson_bookshelf":3},"minecraft:killed":{"vampirism:vampire":4,"specialmobs:slime":1,"specialmobs:skeleton":4,"specialmobs:firespider":1,"farlanders:rebel":1,"minecraft:iron_golem":1,"vampirism:hunter":2,"minecraft:sheep":1,"minecraft:pillager":18,"specialmobs:gatlingskeleton":1,"specialmobs:giantzombie":1,"specialmobs:spider":5,"minecraft:cow":6,"specialmobs:deathcreeper":1,"minecraft:evoker":4,"minecraft:giant":1,"minecraft:vindicator":2,"specialmobs:jumpingcreeper":1,"specialmobs:huskzombie":2,"minecraft:zoglin":1,"specialmobs:zombie":18,"specialmobs:madscientistzombie":1,"specialmobs:grapeslime":1,"specialmobs:hungryzombie":2,"farlanders:ender_golem":3,"specialmobs:creeper":3,"evilcraft:poisonous_libelle":1,"specialmobs:fireskeleton":1,"dungeons_mobs:necromancer":1,"specialmobs:weatheredskeleton":3},"minecraft:crafted":{"minecraft:oak_planks":340,"minecraft:oak_sign":38,"spartanshields:shield_basic_iron":1,"extrabows:golden_bow":1,"minecraft:stone":18,"sophisticatedbackpacks:crafting_upgrade":2,"minecraft:cooked_mutton":2,"portablemobs:master_capture_cell":1,"extrabows:strong_diamond":1,"sophisticatedbackpacks:smelting_upgrade":2,"minecraft:stone_brick_slab":18,"minecraft:bow":1,"simpleplanes:large_plane":1,"minecraft:iron_boots":2,"farlanders:nightfall_sword":1,"minecraft:stone_bricks":68,"easyhammers:emerald_hammer":1,"extrabows:strong_gold":1,"spartanshields:shield_basic_wood":1,"minecraft:emerald":3,"minecraft:crafting_table":7,"minecraft:iron_helmet":2,"minecraft:clock":1,"prefab:block_compressed_stone":2,"minecraft:gold_block":1,"sophisticatedbackpacks:upgrade_base":4,"minecraft:iron_chestplate":2,"minecraft:diamond_pickaxe":1,"portablemobs:basic_capture_cell":1,"minecraft:shield":1,"minecraft:light_weighted_pressure_plate":3,"sophisticatedbackpacks:diamond_backpack":1,"minecraft:stick":188,"quark:oak_chest":13,"minecraft:iron_ingot":124,"minecraft:iron_pickaxe":2,"minecraft:stone_sword":1,"minecraft:gold_ingot":48,"easyhammers:stone_hammer":1,"extrabows:strong_iron":1,"prefab:item_moderate_house":1,"extrabows:iron_bow":1,"minecraft:iron_nugget":99,"simpleplanes:plane_workbench":1,"minecraft:furnace":10,"extrabows:stone_bow":1,"quark:dark_oak_chest":64,"minecraft:iron_axe":2,"simpleplanes:propeller":2,"minecraft:dark_oak_planks":616,"minecraft:wheat":288,"sophisticatedbackpacks:iron_backpack":1,"extrabows:strong_stone":1,"simpleplanes:furnace_engine":1,"minecraft:iron_sword":1,"sophisticatedbackpacks:gold_backpack":1,"extrabows:diamond_bow":1,"minecraft:bread":192,"minecraft:air":0,"prefab:item_bundle_of_timber":3,"minecraft:white_wool":1,"minecraft:iron_leggings":2,"minecraft:torch":64,"prefab:item_start_house":1},"minecraft:broken":{"minecraft:iron_chestplate":2,"minecraft:iron_leggings":2,"minecraft:diamond_boots":1,"farlanders:nightfall_sword":1,"spartanshields:shield_basic_iron":1,"dungeons_mobs:gold_pillager_helmet":1,"minecraft:iron_helmet":1},"minecraft:killed_by":{"duneons:yellowsunker":1,"alexsmobs:capuchin_monkey":2,"farlanders:fanmade_enderman":2,"minecraft:vindicator":2,"specialmobs:creeper":2,"vampirism:vampire":1,"minecraft:vex":3,"minecraft:player":12,"vampirism:advanced_hunter":1,"minecraft:iron_golem":1,"evilcraft:vengeance_spirit":3,"minecraft:giant":3,"specialmobs:bruteskeleton":1},"minecraft:dropped":{"minecraft:gold_ore":1,"minecraft:brown_mushroom":11,"minecraft:dark_oak_stairs":1,"minecraft:diamond":6,"minecraft:dark_oak_sapling":4,"minecraft:saddle":1,"prefab:item_moderate_house":1,"minecraft:red_mushroom":8,"cavesandcliffs:raw_copper":2,"minecraft:dirt":28,"minecraft:mutton":1,"minecraft:chain":6,"minecraft:wooden_sword":1,"minecraft:iron_pickaxe":1,"minecraft:dark_oak_planks":1,"minecraft:white_wool":1,"tombstone:familiar_receptacle":1,"quark:oak_chest":2,"minecraft:gold_ingot":1,"minecraft:stone_axe":1,"quark:root_item":5,"alexsmobs:animal_dictionary":1,"minecraft:wheat":1,"minecraft:rotten_flesh":4,"cavesandcliffs:smooth_basalt":6,"paraglider:goddess_statue":1,"minecraft:oak_planks":61,"portablemobs:master_capture_cell":2,"farlanders:ender_horn":2,"duneons:venom":1,"minecraft:poppy":1,"quark:cyan_shingles":3,"vampirism:vampire_fang":1,"create:dolomite_cobblestone":2,"alexsmobs:banana":1,"minecraft:warped_wart_block":28,"minecraft:written_book":1,"create:polished_weathered_limestone_stairs":1,"minecraft:crimson_planks":1,"minecraft:bread":5,"create:weathered_limestone_bricks":1,"create:copper_ore":2,"minecraft:lead":1,"farlanders:nightfall_sword":1,"quark:iron_plate":1,"minecraft:grass_block":1,"minecraft:coal":65,"minecraft:golden_apple":1,"minecraft:torch":1,"tombstone:grave_key":1,"tombstone:grave_dust":2,"minecraft:iron_leggings":1,"create:piston_extension_pole":1,"minecraft:iron_axe":2,"minecraft:string":4,"minecraft:gray_carpet":92,"cavesandcliffs:tuff":12,"minecraft:dandelion":4,"minecraft:redstone":1,"quark:black_framed_glass_pane":1,"minecraft:stone_sword":1,"minecraft:light_gray_terracotta":12,"quark:gray_framed_glass_pane":2,"quark:dark_oak_chest":2,"minecraft:iron_boots":3,"iceandfire:silver_ore":8,"minecraft:name_tag":1,"supplementaries:cage":1,"quark:smooth_basalt":30,"minecraft:shield":1,"quark:dark_oak_ladder":1,"duneons:swamplog":1,"minecraft:spruce_trapdoor":2,"minecraft:iron_chestplate":1,"minecraft:andesite":1,"minecraft:golden_leggings":1,"minecraft:oak_sapling":17,"minecraft:stone_bricks":1,"minecraft:bow":1,"create:crushed_zinc_ore":6,"minecraft:stone_pickaxe":1},"minecraft:mined":{"minecraft:dark_oak_planks":1,"quark:dark_oak_bookshelf":27,"supplementaries:goblet":1,"quark:iron_plate":2,"minecraft:spruce_planks":1,"minecraft:cobblestone_stairs":1,"minecraft:jungle_leaves":56,"minecraft:brewing_stand":4,"minecraft:obsidian":6,"minecraft:spruce_trapdoor":1,"minecraft:acacia_log":1,"minecraft:grass_block":13,"minecraft:stone_brick_wall":2,"minecraft:jungle_log":5,"cavesandcliffs:deepslate_lapis_ore":1,"duneons:bamboobiggrass":1,"minecraft:oak_pressure_plate":2,"minecraft:oak_wall_sign":1,"minecraft:spawner":4,"minecraft:iron_ore":34,"minecraft:barrel":23,"minecraft:fire":7,"create:copper_ore":1,"minecraft:anvil":1,"minecraft:dark_oak_stairs":1,"iceandfire:gold_pile":3,"minecraft:oak_stairs":1,"minecraft:light_gray_concrete":2,"cavesandcliffs:deepslate_iron_ore":11,"quark:crimson_bookshelf":21,"minecraft:spruce_slab":1,"supplementaries:book_pile":5,"minecraft:light_gray_terracotta":15,"minecraft:blast_furnace":1,"minecraft:chest":1,"minecraft:cobblestone":16,"minecraft:wall_torch":2,"quark:black_framed_glass_pane":1,"create:polished_weathered_limestone_stairs":1,"minecraft:wheat":30,"duneons:creeperwoodstallgrass":1,"quark:gravisand":3,"cavesandcliffs:copper_ore":1,"minecraft:grass":23,"minecraft:oak_log":74,"cavesandcliffs:deepslate_redstone_ore":10,"minecraft:dirt":24,"minecraft:crimson_planks":1,"cavesandcliffs:deepslate":23,"cavesandcliffs:cobbled_deepslate":11,"minecraft:oak_leaves":898,"minecraft:emerald_block":4,"farlanders:endumium_ore":1,"biomesoplenty:watergrass":1,"quark:crimson_ladder":5,"minecraft:dark_oak_leaves":369,"cavesandcliffs:deepslate_gold_ore":4,"minecraft:dark_oak_log":153,"minecraft:brown_mushroom_block":18,"minecraft:cartography_table":4,"create:weathered_limestone_bricks":1,"minecraft:hay_block":37,"duneons:bambootall":1,"minecraft:redstone_ore":1,"minecraft:furnace":3,"evilcraft:box_of_eternal_closure":2,"duneons:bamboolog":2,"treechop:chopped_log":105,"evilcraft:dark_ore":4,"quark:smooth_basalt":2,"minecraft:gold_block":10,"quark:nether_wart_sack":1,"minecraft:bookshelf":10,"duneons:swamplog":2,"minecraft:vine":3,"minecraft:stone":132,"supplementaries:book_pile_horizontal":5,"quark:gray_framed_glass_pane":1,"quark:dark_oak_chest":2,"minecraft:stone_brick_slab":1,"quark:spruce_bookshelf":4,"minecraft:crafting_table":3,"cavesandcliffs:raw_gold_block":1,"minecraft:rose_bush":1,"minecraft:tall_grass":6,"supplementaries:cage":8,"minecraft:spruce_stairs":1,"minecraft:gray_wool":1,"elevatorid:elevator_blue":1,"cavesandcliffs:deepslate_coal_ore":4,"minecraft:spruce_log":2,"minecraft:yellow_bed":1,"quark:deepslate":45,"minecraft:coal_ore":64,"minecraft:gray_carpet":75,"minecraft:cobweb":22,"minecraft:acacia_planks":1,"minecraft:crimson_wall_sign":1,"minecraft:stone_bricks":6,"minecraft:gold_ore":2,"paraglider:goddess_statue":1},"minecraft:custom":{"minecraft:animals_bred":2,"minecraft:interact_with_crafting_table":55,"minecraft:open_barrel":114,"goblintraders:trade_with_goblin":43,"minecraft:eat_cake_slice":3,"minecraft:leave_game":24,"minecraft:time_since_death":6336,"minecraft:sprint_one_cm":1443508,"minecraft:damage_blocked_by_shield":3695,"minecraft:drop":139,"minecraft:talked_to_villager":2,"minecraft:deaths":37,"minecraft:jump":6197,"minecraft:walk_on_water_one_cm":23104,"minecraft:interact_with_furnace":32,"minecraft:play_one_minute":627320,"minecraft:sleep_in_bed":15,"minecraft:waystone_activated":5,"tombstone:sneak_grave":7,"minecraft:damage_dealt":21543,"minecraft:player_kills":2,"minecraft:crouch_one_cm":31928,"tombstone:undead_killed":35,"minecraft:interact_with_smoker":11,"minecraft:horse_one_cm":14040,"minecraft:inspect_dropper":1,"minecraft:interact_with_anvil":11,"minecraft:mob_kills":97,"minecraft:climb_one_cm":49631,"minecraft:walk_one_cm":683770,"minecraft:damage_dealt_absorbed":320,"minecraft:sneak_time":14411,"minecraft:walk_under_water_one_cm":18465,"minecraft:interact_with_blast_furnace":3,"tombstone:raider_killed":24,"minecraft:interact_with_grindstone":1,"minecraft:time_since_rest":6057,"minecraft:damage_taken":21933,"minecraft:damage_absorbed":78,"minecraft:swim_one_cm":15108,"minecraft:fly_one_cm":1289762,"minecraft:open_chest":261,"minecraft:fall_one_cm":197959}},"DataVersion":2586}