{"stats":{"minecraft:killed":{"specialmobs:weatheredskeleton":1},"minecraft:mined":{"minecraft:hay_block":21,"minecraft:wheat":29,"treechop:chopped_log":9,"minecraft:grass":8,"minecraft:oak_log":16,"iceandfire:gold_pile":3,"minecraft:tall_grass":1,"minecraft:oak_leaves":246},"minecraft:crafted":{"minecraft:oak_planks":64,"minecraft:bread":7,"minecraft:cooked_mutton":2,"minecraft:wheat":189},"minecraft:used":{"minecraft:cooked_mutton":3,"minecraft:bread":4,"minecraft:stone_pickaxe":3,"minecraft:item_frame":5,"minecraft:stone_axe":5},"minecraft:picked_up":{"minecraft:stick":13,"minecraft:wheat":64,"minecraft:oak_log":16,"minecraft:dirt":1,"minecraft:cooked_mutton":1,"minecraft:item_frame":1,"minecraft:arrow":2,"minecraft:apple":1,"minecraft:stone_axe":1,"minecraft:wheat_seeds":145,"minecraft:gold_nugget":21,"minecraft:hay_block":21,"minecraft:stone_pickaxe":1,"minecraft:bread":1,"minecraft:oak_sapling":17,"minecraft:mutton":1},"minecraft:dropped":{"minecraft:oak_planks":32},"minecraft:custom":{"minecraft:time_since_rest":4754,"minecraft:waystone_activated":1,"minecraft:interact_with_furnace":2,"minecraft:sprint_one_cm":74999,"minecraft:damage_taken":401,"minecraft:walk_one_cm":27253,"minecraft:mob_kills":1,"minecraft:drop":1,"minecraft:animals_bred":2,"minecraft:damage_dealt":200,"minecraft:interact_with_crafting_table":6,"minecraft:fly_one_cm":146506,"minecraft:open_chest":6,"minecraft:crouch_one_cm":173,"minecraft:play_one_minute":40542,"tombstone:undead_killed":1,"minecraft:sneak_time":174,"minecraft:jump":600,"minecraft:leave_game":3,"minecraft:time_since_death":40542,"minecraft:walk_on_water_one_cm":762,"minecraft:sleep_in_bed":2,"minecraft:fall_one_cm":23698}},"DataVersion":2586}